"Month","Division","Car Class","Total Miles","Number of Failures","Number of Cars","MDBF","12-Month Average MDBF"
"2026-06-01","A","R142","4,645,872","41","1,025","113314.0","127,544"
"2026-06-01","A","R142A","972,975","6","220","162163.0","127,599"
"2026-06-01","B","R143","934,940","13","212","71918.0","139,048"
"2026-06-01","B","R160","7,000,883","21","1,662","333375.0","184,064"
"2026-06-01","B","R179","1,166,510","8","318","145814.0","146,405"
"2026-06-01","A","R188-CONVERSION","1,337,065","5","380","267413.0","315,223"
"2026-06-01","A","R188-NEW","510,939","0","126",,"368,536"
"2026-06-01","B","R211A","3,835,625","20","860","191781.0","282,770"
"2026-06-01","B","R211T","52,300","1","20","52300.0","221,218"
"2026-06-01","B","R46","1,292,332","20","332","64617.0","57,385"
"2026-06-01","A","R62","1,345,579","16","315","84099.0","100,481"
"2026-06-01","A","R62A","3,610,704","60","823","60178.0","77,410"
"2026-06-01","B","R68","2,202,522","19","421","115922.0","105,088"
"2026-06-01","B","R68A","897,798","9","200","99755.0","75,002"
"2026-05-01","A","R142","4,529,546","39","1,025","116142.0","128,901"
"2026-05-01","A","R142A","908,479","11","220","82589.0","123,334"
"2026-05-01","B","R143","952,603","6","212","158767.0","147,624"
"2026-05-01","B","R160","6,923,699","38","1,662","182203.0","178,133"
"2026-05-01","B","R179","1,217,478","11","318","110680.0","150,331"
"2026-05-01","A","R188-CONVERSION","1,233,965","3","380","411322.0","286,820"
"2026-05-01","A","R188-NEW","435,917","0","126",,"365,272"
"2026-05-01","B","R211A","3,551,394","14","810","253671.0","297,008"
"2026-05-01","B","R211T","41,145","0","20",,"322,290"
"2026-05-01","B","R46","1,450,482","22","372","65931.0","58,598"
"2026-05-01","A","R62","1,400,615","3","315","466872.0","102,758"
"2026-05-01","A","R62A","3,513,933","42","823","83665.0","79,562"
"2026-05-01","B","R68","2,212,732","19","425","116460.0","106,470"
"2026-05-01","B","R68A","911,360","9","200","101262.0","75,804"
"2026-04-01","A","R142","4,579,690","37","1,025","123775.0","131,456"
"2026-04-01","A","R142A","944,640","4","220","236160.0","132,219"
"2026-04-01","B","R143","1,047,255","9","212","116362.0","130,374"
"2026-04-01","B","R160","7,286,138","32","1,662","227692.0","182,505"
"2026-04-01","B","R179","1,027,452","12","318","85621.0","161,496"
"2026-04-01","A","R188-CONVERSION","1,411,590","2","380","705795.0","285,201"
"2026-04-01","A","R188-NEW","449,445","3","126","149815.0","346,412"
"2026-04-01","B","R211A","3,694,083","11","770","335826.0","301,933"
"2026-04-01","B","R211T","61,455","0","20",,"166,007"
"2026-04-01","B","R46","1,510,832","21","376","71944.0","59,112"
"2026-04-01","A","R62","1,430,625","13","315","110048.0","93,402"
"2026-04-01","A","R62A","3,641,930","46","823","79172.0","79,512"
"2026-04-01","B","R68","2,207,292","29","425","76114.0","106,680"
"2026-04-01","B","R68A","914,704","17","200","53806.0","75,296"
"2026-03-01","A","R142","4,797,189","30","1,025","159906.0","133,009"
"2026-03-01","A","R142A","917,009","9","220","101890.0","128,686"
"2026-03-01","B","R143","1,072,788","7","212","153255.0","140,242"
"2026-03-01","B","R160","7,419,058","35","1,662","211973.0","182,785"
"2026-03-01","B","R179","1,106,929","5","318","221386.0","163,548"
"2026-03-01","A","R188-CONVERSION","1,451,875","2","380","725938.0","276,102"
"2026-03-01","A","R188-NEW","472,054","2","126","236027.0","370,830"
"2026-03-01","B","R211A","3,701,062","12","750","308422.0","297,730"
"2026-03-01","B","R211T","25,320","0","20",,"142,256"
"2026-03-01","B","R46","1,596,760","25","420","63870.0","59,596"
"2026-03-01","A","R62","1,437,460","14","315","102676.0","96,396"
"2026-03-01","A","R62A","3,899,859","41","823","95119.0","79,214"
"2026-03-01","B","R68","2,254,752","21","425","107369.0","107,437"
"2026-03-01","B","R68A","881,908","14","200","62993.0","79,289"
"2026-02-01","A","R142","4,062,217","31","1,025","131039.0","134,481"
"2026-02-01","A","R142A","835,561","8","220","104445.0","132,133"
"2026-02-01","B","R143","854,844","8","212","106856.0","131,365"
"2026-02-01","B","R160","6,358,006","29","1,662","219242.0","182,765"
"2026-02-01","B","R179","994,993","5","318","198999.0","153,595"
"2026-02-01","A","R188-CONVERSION","1,187,570","2","380","593785.0","260,223"
"2026-02-01","A","R188-NEW","424,831","1","126","424831.0","426,719"
"2026-02-01","B","R211A","3,000,723","13","720","230825.0","297,356"
"2026-02-01","B","R211T","43,415","0","20",,"116,154"
"2026-02-01","B","R46","1,627,839","20","420","81392.0","58,018"
"2026-02-01","A","R62","1,218,904","9","315","135434.0","98,833"
"2026-02-01","A","R62A","3,473,328","53","823","65534.0","79,077"
"2026-02-01","B","R68","1,922,577","21","425","91551.0","110,873"
"2026-02-01","B","R68A","690,852","18","200","38381.0","78,130"
"2026-01-01","A","R142","4,734,417","49","1,025","96621.0","138,051"
"2026-01-01","A","R142A","1,004,800","8","220","125600.0","134,032"
"2026-01-01","B","R143","880,224","6","212","146704.0","132,251"
"2026-01-01","B","R160","7,181,059","47","1,662","152788.0","182,722"
"2026-01-01","B","R179","1,113,639","10","318","111364.0","147,993"
"2026-01-01","A","R188-CONVERSION","1,342,860","6","380","223810.0","255,972"
"2026-01-01","A","R188-NEW","442,290","0","126",,"366,591"
"2026-01-01","B","R211A","3,346,389","12","700","278866.0","299,973"
"2026-01-01","B","R211T","92,040","1","20","92040.0","104,735"
"2026-01-01","B","R46","1,724,962","36","432","47916.0","56,410"
"2026-01-01","A","R62","1,217,041","9","315","135227.0","100,097"
"2026-01-01","A","R62A","3,748,522","48","823","78094.0","78,406"
"2026-01-01","B","R68","2,169,344","22","425","98607.0","110,553"
"2026-01-01","B","R68A","889,764","13","200","68443.0","81,345"
"2025-12-01","A","R142","4,814,314","35","1,025","137552.0","144,807"
"2025-12-01","A","R142A","1,033,113","7","220","147588.0","137,901"
"2025-12-01","B","R143","1,065,363","3","212","355121.0","129,805"
"2025-12-01","B","R160","7,442,112","54","1,662","137817.0","185,234"
"2025-12-01","B","R179","1,118,555","8","318","139819.0","149,878"
"2025-12-01","A","R188-CONVERSION","1,355,723","10","380","135572.0","256,738"
"2025-12-01","A","R188-NEW","466,203","0","126",,"343,708"
"2025-12-01","B","R211A","3,405,194","5","670","681039.0","296,089"
"2025-12-01","B","R211T","96,055","0","20",,"113,076"
"2025-12-01","B","R46","1,946,979","43","444","45279.0","56,882"
"2025-12-01","A","R62","1,356,114","10","315","135611.0","96,063"
"2025-12-01","A","R62A","3,703,039","40","823","92576.0","78,920"
"2025-12-01","B","R68","2,226,000","22","425","101182.0","108,592"
"2025-12-01","B","R68A","829,262","16","200","51829.0","77,987"
"2025-11-01","A","R142","4,426,222","35","1,025","126463.0","144,883"
"2025-11-01","A","R142A","991,930","8","220","123991.0","135,408"
"2025-11-01","B","R143","923,806","5","212","184761.0","117,812"
"2025-11-01","B","R160","7,046,402","40","1,662","176160.0","193,704"
"2025-11-01","B","R179","1,045,940","9","318","116216.0","148,021"
"2025-11-01","A","R188-CONVERSION","1,151,715","4","380","287929.0","270,267"
"2025-11-01","A","R188-NEW","415,047","2","126","207524.0","304,721"
"2025-11-01","B","R211A","3,197,517","9","650","355280.0","279,919"
"2025-11-01","B","R211T","87,550","0","20",,"107,764"
"2025-11-01","B","R46","1,872,509","35","448","53500.0","57,545"
"2025-11-01","A","R62","1,254,786","12","315","104566.0","89,775"
"2025-11-01","A","R62A","3,468,870","39","823","88945.0","80,173"
"2025-11-01","B","R68","2,079,018","11","425","189002.0","108,203"
"2025-11-01","B","R68A","811,004","9","200","90112.0","84,381"
"2025-10-01","A","R142","4,779,550","31","1,025","154179.0","143,870"
"2025-10-01","A","R142A","1,049,710","3","220","349903.0","135,108"
"2025-10-01","B","R143","894,056","6","212","149009.0","115,666"
"2025-10-01","B","R160","7,609,125","35","1,662","217404.0","192,150"
"2025-10-01","B","R179","1,232,714","12","318","102726.0","159,223"
"2025-10-01","A","R188-CONVERSION","1,362,515","3","380","454172.0","264,303"
"2025-10-01","A","R188-NEW","436,078","2","126","218039.0","321,224"
"2025-10-01","B","R211A","3,292,336","19","620","173281.0","276,157"
"2025-10-01","B","R211T","95,770","0","20",,"83,535"
"2025-10-01","B","R46","1,927,090","30","466","64236.0","57,771"
"2025-10-01","A","R62","1,333,565","13","315","102582.0","89,342"
"2025-10-01","A","R62A","3,946,482","38","823","103855.0","80,174"
"2025-10-01","B","R68","2,191,571","24","425","91315.0","106,468"
"2025-10-01","B","R68A","1,061,440","17","200","62438.0","83,644"
"2025-09-01","A","R142","4,398,310","32","1,025","137447.0","147,218"
"2025-09-01","A","R142A","974,430","13","220","74956.0","132,992"
"2025-09-01","B","R143","1,014,924","9","212","112769.0","114,700"
"2025-09-01","B","R160","7,236,983","41","1,662","176512.0","193,518"
"2025-09-01","B","R179","1,220,408","3","318","406803.0","153,346"
"2025-09-01","A","R188-CONVERSION","1,394,955","6","380","232493.0","252,843"
"2025-09-01","A","R188-NEW","506,225","0","126",,"364,267"
"2025-09-01","B","R211A","3,055,265","10","600","305527.0","283,705"
"2025-09-01","B","R211T","106,305","0","20",,"77,259"
"2025-09-01","B","R46","1,856,947","40","474","46424.0","57,672"
"2025-09-01","A","R62","1,299,718","17","315","76454.0","86,717"
"2025-09-01","A","R62A","3,599,087","47","823","76576.0","77,614"
"2025-09-01","B","R68","2,118,762","16","425","132423.0","108,393"
"2025-09-01","B","R68A","967,024","6","200","161171.0","78,916"
"2025-08-01","A","R142","4,607,056","34","1,025","135502.0","147,252"
"2025-08-01","A","R142A","965,064","4","220","241266.0","139,499"
"2025-08-01","B","R143","1,062,504","6","212","177084.0","112,107"
"2025-08-01","B","R160","7,154,010","45","1,662","158978.0","191,933"
"2025-08-01","B","R179","1,341,979","7","318","191711.0","146,326"
"2025-08-01","A","R188-CONVERSION","1,428,175","5","380","285635.0","265,360"
"2025-08-01","A","R188-NEW","475,989","3","126","158663.0","359,400"
"2025-08-01","B","R211A","2,897,120","9","570","321902.0","287,533"
"2025-08-01","B","R211T","94,715","0","20",,"70,058"
"2025-08-01","B","R46","2,118,532","37","490","57258.0","56,646"
"2025-08-01","A","R62","1,389,575","11","315","126325.0","90,656"
"2025-08-01","A","R62A","3,776,878","58","823","65119.0","76,650"
"2025-08-01","B","R68","2,258,600","20","425","112930.0","108,768"
"2025-08-01","B","R68A","811,268","4","200","202817.0","72,946"
"2025-07-01","A","R142","4,597,229","37","1,025","124249.0","146,275"
"2025-07-01","A","R142A","1,141,382","11","220","103762.0","129,418"
"2025-07-01","B","R143","976,740","6","212","162790.0","110,597"
"2025-07-01","B","R160","7,116,417","49","1,662","145233.0","198,989"
"2025-07-01","B","R179","1,321,879","5","318","264376.0","150,837"
"2025-07-01","A","R188-CONVERSION","1,418,374","3","380","472791.0","269,407"
"2025-07-01","A","R188-NEW","493,017","2","126","246509.0","413,592"
"2025-07-01","B","R211A","2,893,794","7","550","413399.0","265,298"
"2025-07-01","B","R211T","88,800","2","20","44400.0","55,652"
"2025-07-01","B","R46","2,364,627","42","520","56301.0","54,711"
"2025-07-01","A","R62","1,392,925","33","315","42210.0","88,098"
"2025-07-01","A","R62A","3,818,493","59","823","64720.0","76,003"
"2025-07-01","B","R68","2,113,580","23","425","91895.0","108,566"
"2025-07-01","B","R68A","833,840","8","200","104230.0","69,950"
"2025-06-01","A","R142","4,586,038","36","1,025","127390.0","147,251"
"2025-06-01","A","R142A","1,073,975","10","220","107398.0","134,065"
"2025-06-01","B","R143","917,223","8","212","114653.0","112,201"
"2025-06-01","B","R160","7,087,229","37","1,662","191547.0","210,662"
"2025-06-01","B","R179","1,238,792","6","318","206465.0","149,293"
"2025-06-01","A","R188-CONVERSION","1,322,590","10","380","132259.0","253,626"
"2025-06-01","A","R188-NEW","461,979","0","126",,"447,188"
"2025-06-01","B","R211A","2,576,165","9","510","286241.0","250,478"
"2025-06-01","B","R211T","134,300","0","20",,"46,236"
"2025-06-01","B","R46","2,386,879","31","532","76996.0","50,910"
"2025-06-01","A","R62","1,298,990","12","315","108249.0","101,653"
"2025-06-01","A","R62A","3,805,327","47","823","80964.0","75,948"
"2025-06-01","B","R68","2,117,944","15","425","141196.0","108,181"
"2025-06-01","B","R68A","858,492","7","200","122642.0","69,146"
"2025-05-01","A","R142","4,697,936","32","1,025","146811.0","147,591"
"2025-05-01","A","R142A","1,100,340","6","220","183390.0","137,360"
"2025-05-01","B","R143","1,023,916","17","212","60230.0","113,226"
"2025-05-01","B","R160","7,205,926","28","1,662","257355.0","212,939"
"2025-05-01","B","R179","1,286,915","5","318","257383.0","154,718"
"2025-05-01","A","R188-CONVERSION","1,428,524","4","380","357131.0","275,836"
"2025-05-01","A","R188-NEW","499,427","1","126","499427.0","412,442"
"2025-05-01","B","R211A","2,380,078","8","470","297510.0","249,598"
"2025-05-01","B","R211T","70,315","3","20","23438.0","39,560"
"2025-05-01","B","R46","2,533,568","37","640","68475.0","49,378"
"2025-05-01","A","R62","1,342,080","18","315","74560.0","100,675"
"2025-05-01","A","R62A","3,883,358","47","823","82625.0","75,443"
"2025-05-01","B","R68","2,157,211","18","425","119845.0","106,799"
"2025-05-01","B","R68A","841,296","9","200","93477.0","67,410"
"2025-04-01","A","R142","4,698,091","33","1,025","142366.0","150,013"
"2025-04-01","A","R142A","1,009,200","7","220","144171.0","132,300"
"2025-04-01","B","R143","953,728","2","212","476864.0","125,293"
"2025-04-01","B","R160","7,235,628","31","1,662","233407.0","212,829"
"2025-04-01","B","R179","1,042,418","11","318","94765.0","152,584"
"2025-04-01","A","R188-CONVERSION","1,445,130","4","380","361283.0","257,889"
"2025-04-01","A","R188-NEW","469,310","2","126","234655.0","447,033"
"2025-04-01","B","R211A","2,279,725","8","450","284966.0","244,555"
"2025-04-01","B","R211T","61,210","1","20","61210.0","43,956"
"2025-04-01","B","R46","2,715,908","38","640","71471.0","48,667"
"2025-04-01","A","R62","1,364,135","7","315","194876.0","104,766"
"2025-04-01","A","R62A","3,791,202","50","823","75824.0","74,224"
"2025-04-01","B","R68","2,175,549","27","425","80576.0","110,279"
"2025-04-01","B","R68A","831,475","9","200","92386.0","66,718"
"2025-03-01","A","R142","4,735,908","25","1,025","189436.0","153,860"
"2025-03-01","A","R142A","976,694","7","220","139528.0","136,427"
"2025-03-01","B","R143","992,834","12","212","82736.0","119,746"
"2025-03-01","B","R160","7,226,749","34","1,662","212551.0","217,531"
"2025-03-01","B","R179","1,018,894","10","318","101889.0","162,675"
"2025-03-01","A","R188-CONVERSION","1,295,695","5","380","259139.0","252,434"
"2025-03-01","A","R188-NEW","456,951","0","126",,"447,553"
"2025-03-01","B","R211A","2,168,995","7","430","309856.0","239,801"
"2025-03-01","B","R211T","74,915","2","20","37458.0","42,231"
"2025-03-01","B","R46","2,742,362","56","644","48971.0","48,039"
"2025-03-01","A","R62","1,345,405","9","315","149489.0","103,067"
"2025-03-01","A","R62A","3,663,681","39","823","93941.0","74,426"
"2025-03-01","B","R68","2,303,231","14","425","164517.0","115,073"
"2025-03-01","B","R68A","887,476","16","200","55467.0","63,783"
"2025-02-01","A","R142","4,283,580","22","1,025","194708.0","152,640"
"2025-02-01","A","R142A","876,250","7","220","125179.0","133,179"
"2025-02-01","B","R143","932,775","8","212","116597.0","132,814"
"2025-02-01","B","R160","6,155,039","28","1,662","219823.0","215,496"
"2025-02-01","B","R179","1,077,185","9","318","119687.0","181,042"
"2025-02-01","A","R188-CONVERSION","1,179,965","3","380","393322.0","265,727"
"2025-02-01","A","R188-NEW","376,353","3","126","125451.0","382,179"
"2025-02-01","B","R211A","1,804,430","8","380","225554.0","231,762"
"2025-02-01","B","R211T","45,370","1","20","45370.0","43,424"
"2025-02-01","B","R46","2,604,619","50","696","52092.0","47,811"
"2025-02-01","A","R62","1,221,005","7","315","174429.0","107,313"
"2025-02-01","A","R62A","3,408,013","57","823","59790.0","72,819"
"2025-02-01","B","R68","2,069,172","23","425","89964.0","113,231"
"2025-02-01","B","R68A","708,419","13","200","54494.0","67,579"
"2025-01-01","A","R142","4,836,897","31","1,025","156029.0","149,831"
"2025-01-01","A","R142A","1,081,119","6","220","180187.0","133,650"
"2025-01-01","B","R143","1,054,372","9","212","117152.0","143,944"
"2025-01-01","B","R160","7,062,286","40","1,662","176557.0","217,045"
"2025-01-01","B","R179","843,132","7","318","120447.0","189,055"
"2025-01-01","A","R188-CONVERSION","1,391,145","6","380","231858.0","255,619"
"2025-01-01","A","R188-NEW","442,747","1","126","442747.0","493,941"
"2025-01-01","B","R211A","2,026,970","9","360","225219.0","232,699"
"2025-01-01","B","R211T","62,380","0","20",,"43,146"
"2025-01-01","B","R46","2,859,182","52","696","54984.0","47,659"
"2025-01-01","A","R62","1,444,289","18","315","80238.0","104,969"
"2025-01-01","A","R62A","3,883,075","46","823","84415.0","74,782"
"2025-01-01","B","R68","2,251,475","27","425","83388.0","114,344"
"2025-01-01","B","R68A","853,279","18","200","47404.0","66,893"
"2024-12-01","A","R142","4,698,654","34","1,025","138196.0","153,755"
"2024-12-01","A","R142A","1,082,015","9","220","120224.0","130,829"
"2024-12-01","B","R143","916,520","11","212","83320.0","161,042"
"2024-12-01","B","R160","7,868,657","36","1,662","218574.0","224,073"
"2024-12-01","B","R179","1,095,700","9","318","121744.0","197,034"
"2024-12-01","A","R188-CONVERSION","1,397,225","7","380","199604.0","249,228"
"2024-12-01","A","R188-NEW","451,846","2","126","225923.0","449,866"
"2024-12-01","B","R211A","1,938,780","6","340","323130.0","234,229"
"2024-12-01","B","R211T","48,250","0","20",,"34,235"
"2024-12-01","B","R46","2,790,182","52","696","53657.0","46,532"
"2024-12-01","A","R62","1,293,485","21","315","61595.0","113,347"
"2024-12-01","A","R62A","3,852,409","33","823","116740.0","73,397"
"2024-12-01","B","R68","2,240,811","23","425","97427.0","122,478"
"2024-12-01","B","R68A","829,408","6","200","138235.0","71,934"
"2024-11-01","A","R142","4,758,472","40","1,025","118962.0","158,005"
"2024-11-01","A","R142A","964,660","8","220","120583.0","131,385"
"2024-11-01","B","R143","942,712","7","212","134673.0","171,371"
"2024-11-01","B","R160","7,893,707","48","1,662","164452.0","231,195"
"2024-11-01","B","R179","973,184","2","318","486592.0","205,466"
"2024-11-01","A","R188-CONVERSION","1,322,515","6","380","220419.0","248,722"
"2024-11-01","A","R188-NEW","390,894","1","126","390894.0","491,204"
"2024-11-01","B","R211A","1,682,780","5","310","336556.0","220,192"
"2024-11-01","B","R211T","36,555","2","20","18278.0","27,342"
"2024-11-01","B","R46","2,794,413","49","696","57029.0","46,517"
"2024-11-01","A","R62","1,356,395","14","315","96885.0","125,085"
"2024-11-01","A","R62A","3,630,051","41","823","88538.0","72,764"
"2024-11-01","B","R68","1,980,237","14","425","141446.0","124,076"
"2024-11-01","B","R68A","804,852","10","200","80485.0","70,009"
"2024-10-01","A","R142","4,897,482","23","1,025","212934.0","159,332"
"2024-10-01","A","R142A","990,105","4","220","247526.0","141,228"
"2024-10-01","B","R143","1,025,864","8","212","128233.0","184,684"
"2024-10-01","B","R160","9,001,557","39","1,662","230809.0","243,582"
"2024-10-01","B","R179","1,187,313","15","318","79154.0","206,342"
"2024-10-01","A","R188-CONVERSION","1,410,499","6","380","235083.0","256,355"
"2024-10-01","A","R188-NEW","439,260","0","126",,"497,073"
"2024-10-01","B","R211A","1,531,600","10","300","153160.0","202,561"
"2024-10-01","B","R211T","26,730","0","20",,"30,968"
"2024-10-01","B","R46","3,202,511","53","696","60425.0","45,492"
"2024-10-01","A","R62","1,468,040","20","315","73402.0","133,881"
"2024-10-01","A","R62A","3,827,175","55","823","69585.0","72,662"
"2024-10-01","B","R68","2,119,250","19","425","111539.0","121,881"
"2024-10-01","B","R68A","795,564","21","200","37884.0","69,173"
"2024-09-01","A","R142","4,411,329","32","1,025","137854.0","159,513"
"2024-09-01","A","R142A","1,015,120","9","220","112791.0","135,211"
"2024-09-01","B","R143","972,087","11","212","88372.0","206,447"
"2024-09-01","B","R160","7,665,934","47","1,662","163105.0","241,874"
"2024-09-01","B","R179","1,180,964","7","318","168709.0","244,829"
"2024-09-01","A","R188-CONVERSION","1,412,485","3","380","470828.0","243,791"
"2024-09-01","A","R188-NEW","433,232","0","126",,"365,967"
"2024-09-01","B","R211A","1,409,990","3","280","469997.0","224,039"
"2024-09-01","B","R211T","27,100","0","20",,"25,622"
"2024-09-01","B","R46","3,005,242","70","696","42932.0","44,245"
"2024-09-01","A","R62","1,220,490","8","315","152561.0","152,304"
"2024-09-01","A","R62A","3,653,607","55","823","66429.0","74,921"
"2024-09-01","B","R68","2,099,716","15","425","139981.0","123,300"
"2024-09-01","B","R68A","719,432","13","200","55341.0","75,913"
"2024-08-01","A","R142","4,675,579","37","1,025","126367.0","166,601"
"2024-08-01","A","R142A","983,834","11","220","89439.0","135,067"
"2024-08-01","B","R143","1,014,539","7","212","144934.0","245,103"
"2024-08-01","B","R160","7,428,912","30","1,662","247630.0","258,316"
"2024-08-01","B","R179","1,308,951","4","318","327238.0","252,331"
"2024-08-01","A","R188-CONVERSION","1,409,654","4","380","352414.0","230,407"
"2024-08-01","A","R188-NEW","461,682","1","126","461682.0","349,119"
"2024-08-01","B","R211A","1,448,830","11","260","131712.0","187,146"
"2024-08-01","B","R211T","47,550","2","20","23775.0","20,202"
"2024-08-01","B","R46","3,155,112","76","700","41515.0","43,529"
"2024-08-01","A","R62","1,374,765","16","315","85923.0","152,453"
"2024-08-01","A","R62A","3,777,533","63","823","59961.0","78,485"
"2024-08-01","B","R68","2,210,632","20","425","110532.0","124,395"
"2024-08-01","B","R68A","829,504","10","200","82950.0","77,733"
"2024-07-01","A","R142","4,675,362","35","1,025","133582.0","177,739"
"2024-07-01","A","R142A","1,046,600","7","220","149514.0","141,769"
"2024-07-01","B","R143","1,034,528","5","212","206906.0","252,781"
"2024-07-01","B","R160","7,488,952","26","1,662","288037.0","257,889"
"2024-07-01","B","R179","1,332,238","6","318","222040.0","243,692"
"2024-07-01","A","R188-CONVERSION","1,470,239","7","380","210034.0","215,801"
"2024-07-01","A","R188-NEW","482,578","1","126","482578.0","349,597"
"2024-07-01","B","R211A","1,294,695","6","240","215783.0","254,898"
"2024-07-01","B","R211T","12,625","3","20","4208.0","17,820"
"2024-07-01","B","R46","3,268,785","105","704","31131.0","43,171"
"2024-07-01","A","R62","1,433,690","9","315","159299.0","158,252"
"2024-07-01","A","R62A","3,633,835","57","823","63751.0","83,749"
"2024-07-01","B","R68","2,130,138","24","425","88756.0","120,623"
"2024-07-01","B","R68A","859,556","10","200","85956.0","76,192"
"2024-06-01","A","R142","4,567,700","35","1,025","130506.0","180,567"
"2024-06-01","A","R142A","961,725","7","220","137389.0","138,940"
"2024-06-01","B","R143","911,608","7","212","130230.0","238,362"
"2024-06-01","B","R160","7,201,177","33","1,662","218217.0","252,924"
"2024-06-01","B","R179","1,423,003","4","318","355751.0","225,328"
"2024-06-01","A","R188-CONVERSION","1,387,094","5","380","277419.0","215,119"
"2024-06-01","A","R188-NEW","457,472","1","126","457472.0","327,788"
"2024-06-01","B","R211A","999,390","3","200","333130.0","333,130"
"2024-06-01","B","R211T","40,835","0","20",,
"2024-06-01","B","R46","3,089,963","66","704","46818.0","44,216"
"2024-06-01","A","R62","1,344,925","14","315","96066.0","154,688"
"2024-06-01","A","R62A","3,507,385","47","823","74625.0","87,821"
"2024-06-01","B","R68","2,001,162","17","425","117715.0","123,939"
"2024-06-01","B","R68A","746,772","9","200","82975.0","74,982"
"2024-05-01","A","R142","4,865,680","27","1,025","180210.0","188,421"
"2024-05-01","A","R142A","1,051,985","9","220","116887.0","142,754"
"2024-05-01","B","R143","900,656","6","212","150109.0","267,790"
"2024-05-01","B","R160","7,585,043","30","1,662","252835.0","262,151"
"2024-05-01","B","R179","1,402,123","7","318","200303.0","202,906"
"2024-05-01","A","R188-CONVERSION","1,383,260","8","380","172908.0","227,318"
"2024-05-01","A","R188-NEW","502,070","0","126",,"349,620"
"2024-05-01","B","R46","3,444,582","66","744","52191.0","43,327"
"2024-05-01","A","R62","1,372,050","12","315","114338.0","161,545"
"2024-05-01","A","R62A","3,757,977","55","823","68327.0","91,773"
"2024-05-01","B","R68","2,113,626","10","425","211363.0","123,754"
"2024-05-01","B","R68A","808,360","10","200","80836.0","76,886"
"2024-04-01","A","R142","4,598,301","23","1,025","199926.0","186,050"
"2024-04-01","A","R142A","975,430","4","220","243858.0","144,600"
"2024-04-01","B","R143","916,840","6","212","152807.0","306,746"
"2024-04-01","B","R160","7,479,992","23","1,662","325217.0","262,678"
"2024-04-01","B","R179","1,472,756","8","318","184095.0","209,823"
"2024-04-01","A","R188-CONVERSION","1,348,410","5","380","269682.0","238,937"
"2024-04-01","A","R188-NEW","475,546","2","126","237773.0","325,204"
"2024-04-01","B","R46","3,504,928","64","744","54765.0","43,477"
"2024-04-01","A","R62","1,307,015","9","315","145224.0","169,707"
"2024-04-01","A","R62A","3,763,360","48","823","78403.0","95,059"
"2024-04-01","B","R68","2,026,809","16","425","126676.0","120,391"
"2024-04-01","B","R68A","788,664","15","200","52578.0","72,359"
"2024-03-01","A","R142","4,749,753","28","1,025","169634.0","181,176"
"2024-03-01","A","R142A","957,300","9","220","106367.0","139,584"
"2024-03-01","B","R143","932,356","2","212","466178.0","323,246"
"2024-03-01","B","R160","7,892,427","41","1,662","192498.0","255,140"
"2024-03-01","B","R179","1,186,796","2","318","593398.0","218,258"
"2024-03-01","A","R188-CONVERSION","1,362,565","2","380","681283.0","235,834"
"2024-03-01","A","R188-NEW","436,831","2","126","218416.0","306,190"
"2024-03-01","B","R46","3,525,308","76","746","46386.0","43,514"
"2024-03-01","A","R62","1,368,140","3","315","456047.0","171,201"
"2024-03-01","A","R62A","3,652,109","52","823","70233.0","99,898"
"2024-03-01","B","R68","2,007,426","15","425","133828.0","120,074"
"2024-03-01","B","R68A","784,864","6","200","130811.0","74,571"
"2024-02-01","A","R142","4,451,565","30","1,025","148386.0","183,914"
"2024-02-01","A","R142A","918,625","7","220","131232.0","151,501"
"2024-02-01","B","R143","893,456","1","212","893456.0","331,203"
"2024-02-01","B","R160","6,807,380","28","1,662","243121.0","260,404"
"2024-02-01","B","R179","1,151,090","6","318","191848.0","210,453"
"2024-02-01","A","R188-CONVERSION","1,320,150","6","380","220025.0","226,817"
"2024-02-01","A","R188-NEW","459,194","0","126",,"345,270"
"2024-02-01","B","R46","3,344,240","68","746","49180.0","43,776"
"2024-02-01","A","R62","1,181,880","10","315","118188.0","165,583"
"2024-02-01","A","R62A","3,481,774","42","824","82899.0","106,602"
"2024-02-01","B","R68","1,860,099","19","425","97900.0","118,218"
"2024-02-01","B","R68A","745,416","15","200","49694.0","67,756"
"2024-01-01","A","R142","4,770,527","21","1,025","227168.0","177,786"
"2024-01-01","A","R142A","958,020","7","220","136860.0","157,616"
"2024-01-01","B","R143","972,812","0","212",,"339,748"
"2024-01-01","B","R160","7,780,217","30","1,662","259341.0","257,736"
"2024-01-01","B","R179","1,260,488","6","318","210081.0","218,421"
"2024-01-01","A","R188-CONVERSION","1,224,940","7","380","174991.0","228,184"
"2024-01-01","A","R188-NEW","407,784","2","126","203892.0","340,291"
"2024-01-01","B","R46","3,589,256","87","746","41256.0","44,127"
"2024-01-01","A","R62","1,374,420","6","315","229070.0","172,338"
"2024-01-01","A","R62A","3,647,793","54","824","67552.0","110,723"
"2024-01-01","B","R68","2,073,128","11","425","188466.0","121,785"
"2024-01-01","B","R68A","782,884","7","200","111841.0","68,904"
"2023-12-01","A","R142","4,670,055","24","1,025","194586.0","176,132"
"2023-12-01","A","R142A","1,001,215","8","220","125152.0","166,907"
"2023-12-01","B","R143","964,368","7","212","137767.0","276,233"
"2023-12-01","B","R160","7,096,555","20","1,662","354828.0","253,614"
"2023-12-01","B","R179","1,120,134","6","318","186689.0","228,505"
"2023-12-01","A","R188-CONVERSION","1,363,809","7","380","194830.0","248,314"
"2023-12-01","A","R188-NEW","456,702","1","126","456702.0","367,626"
"2023-12-01","B","R46","3,568,453","69","746","51717.0","44,494"
"2023-12-01","A","R62","1,334,135","8","315","166767.0","164,287"
"2023-12-01","A","R62A","3,617,035","35","824","103344.0","118,118"
"2023-12-01","B","R68","1,944,897","18","425","108050.0","119,487"
"2023-12-01","B","R68A","785,288","9","200","87254.0","66,157"
"2023-11-01","A","R142","4,751,593","37","1,025","128421.0","174,174"
"2023-11-01","A","R142A","1,003,210","2","220","501605.0","174,017"
"2023-11-01","B","R143","911,267","2","212","455634.0","290,918"
"2023-11-01","B","R160","7,184,290","25","1,662","287372.0","254,590"
"2023-11-01","B","R179","1,243,455","3","318","414485.0","232,927"
"2023-11-01","A","R188-CONVERSION","1,313,599","4","380","328400.0","235,608"
"2023-11-01","A","R188-NEW","455,447","1","126","455447.0","326,306"
"2023-11-01","B","R46","3,516,154","84","746","41859.0","43,538"
"2023-11-01","A","R62","1,286,214","5","315","257243.0","160,252"
"2023-11-01","A","R62A","3,568,563","41","824","87038.0","120,067"
"2023-11-01","B","R68","2,033,122","18","425","112951.0","119,720"
"2023-11-01","B","R68A","761,188","11","200","69199.0","66,936"
"2023-10-01","A","R142","4,641,970","21","1,025","221046.0","176,533"
"2023-10-01","A","R142A","1,025,460","8","220","128183.0","166,998"
"2023-10-01","B","R143","930,080","1","212","930080.0","280,890"
"2023-10-01","B","R160","7,398,912","35","1,662","211397.0","252,861"
"2023-10-01","B","R179","1,342,219","4","318","335555.0","239,811"
"2023-10-01","A","R188-CONVERSION","1,337,810","9","380","148646.0","232,796"
"2023-10-01","A","R188-NEW","460,970","4","126","115243.0","307,336"
"2023-10-01","B","R46","3,604,504","87","746","41431.0","44,206"
"2023-10-01","A","R62","1,394,205","5","315","278841.0","156,969"
"2023-10-01","A","R62A","3,693,120","35","824","105518.0","123,915"
"2023-10-01","B","R68","2,036,031","16","425","127252.0","123,488"
"2023-10-01","B","R68A","801,256","9","200","89028.0","68,150"
"2023-09-01","A","R142","4,893,219","20","1,025","244661.0","176,435"
"2023-09-01","A","R142A","1,002,490","9","220","111388.0","156,465"
"2023-09-01","B","R143","892,247","2","212","446124.0","273,342"
"2023-09-01","B","R160","7,258,600","22","1,662","329936.0","259,278"
"2023-09-01","B","R179","1,401,272","6","318","233545.0","242,586"
"2023-09-01","A","R188-CONVERSION","1,437,333","7","380","205333.0","247,724"
"2023-09-01","A","R188-NEW","529,633","1","126","529633.0","325,779"
"2023-09-01","B","R46","3,392,788","94","746","36093.0","44,903"
"2023-09-01","A","R62","1,388,597","9","315","154289.0","153,036"
"2023-09-01","A","R62A","3,694,056","29","824","127381.0","124,866"
"2023-09-01","B","R68","2,068,660","13","425","159128.0","121,524"
"2023-09-01","B","R68A","789,698","11","200","71791.0","68,806"
"2023-08-01","A","R142","4,885,230","17","1,025","287366.0","174,166"
"2023-08-01","A","R142A","1,006,505","7","220","143786.0","170,308"
"2023-08-01","B","R143","862,140","5","212","172428.0","273,150"
"2023-08-01","B","R160","7,540,112","31","1,662","243229.0","264,424"
"2023-08-01","B","R179","1,504,385","7","318","214912.0","240,914"
"2023-08-01","A","R188-CONVERSION","1,451,650","9","380","161294.0","251,091"
"2023-08-01","A","R188-NEW","469,319","1","126","469319.0","306,096"
"2023-08-01","B","R46","3,853,769","100","746","38538.0","45,878"
"2023-08-01","A","R62","1,356,400","12","315","113033.0","150,103"
"2023-08-01","A","R62A","3,783,902","28","824","135139.0","121,153"
"2023-08-01","B","R68","1,950,189","24","425","81258.0","120,064"
"2023-08-01","B","R68A","870,024","13","200","66925.0","71,221"
"2023-07-01","A","R142","4,671,924","30","1,025","155731.0","171,845"
"2023-07-01","A","R142A","947,910","8","220","118489.0","175,209"
"2023-07-01","B","R143","876,816","7","212","125259.0","272,352"
"2023-07-01","B","R160","7,298,526","32","1,662","228079.0","271,770"
"2023-07-01","B","R179","1,490,583","12","318","124215.0","252,966"
"2023-07-01","A","R188-CONVERSION","1,418,431","7","380","202633.0","237,411"
"2023-07-01","A","R188-NEW","461,423","2","126","230712.0","307,382"
"2023-07-01","B","R46","3,748,500","93","746","40306.0","46,963"
"2023-07-01","A","R62","1,379,550","11","315","125414.0","149,360"
"2023-07-01","A","R62A","3,567,670","32","824","111490.0","119,681"
"2023-07-01","B","R68","1,929,036","17","425","113473.0","124,257"
"2023-07-01","B","R68A","783,315","11","200","71210.0","76,246"
"2023-06-01","A","R142","4,764,854","23","1,025","207168.0","176,197"
"2023-06-01","A","R142A","1,000,400","5","220","200080.0","179,651"
"2023-06-01","B","R143","926,360","2","212","463180.0","259,969"
"2023-06-01","B","R160","7,284,907","21","1,662","346900.0","282,785"
"2023-06-01","B","R179","1,454,275","12","318","121190.0","284,998"
"2023-06-01","A","R188-CONVERSION","1,404,905","1","380","1404905.0","244,783"
"2023-06-01","A","R188-NEW","478,996","0","126",,"324,265"
"2023-06-01","B","R46","3,801,181","102","746","37266.0","47,251"
"2023-06-01","A","R62","1,411,844","10","315","141184.0","150,198"
"2023-06-01","A","R62A","3,639,947","27","824","134813.0","122,501"
"2023-06-01","B","R68","1,965,250","17","425","115603.0","125,717"
"2023-06-01","B","R68A","832,852","7","200","118979.0","81,431"
"2023-05-01","A","R142","4,896,124","31","1,025","157939.0","175,589"
"2023-05-01","A","R142A","1,060,605","8","220","132576.0","181,773"
"2023-05-01","B","R143","964,116","1","212","964116.0","223,013"
"2023-05-01","B","R160","7,500,608","29","1,662","258642.0","277,168"
"2023-05-01","B","R179","1,528,949","5","318","305790.0","326,620"
"2023-05-01","A","R188-CONVERSION","1,503,030","5","380","300606.0","241,158"
"2023-05-01","A","R188-NEW","436,627","1","126","436627.0","321,929"
"2023-05-01","B","R46","3,897,428","73","746","53389.0","49,257"
"2023-05-01","A","R62","1,339,739","7","315","191391.0","148,666"
"2023-05-01","A","R62A","3,713,077","38","824","97713.0","126,513"
"2023-05-01","B","R68","2,063,229","15","425","137549.0","124,843"
"2023-05-01","B","R68A","753,592","17","200","44329.0","84,158"
"2023-04-01","A","R142","4,561,243","31","1,025","147137.0","181,430"
"2023-04-01","A","R142A","982,875","7","220","140411.0","183,334"
"2023-04-01","B","R143","864,332","4","212","216083.0","207,917"
"2023-04-01","B","R160","7,235,980","32","1,662","226124.0","277,412"
"2023-04-01","B","R179","1,467,458","5","318","293492.0","326,486"
"2023-04-01","A","R188-CONVERSION","1,370,169","6","380","228362.0","226,244"
"2023-04-01","A","R188-NEW","458,486","3","126","152829.0","305,499"
"2023-04-01","B","R46","3,716,433","68","746","54653.0","49,668"
"2023-04-01","A","R62","1,277,754","8","315","159719.0","150,786"
"2023-04-01","A","R62A","3,596,275","24","824","149845.0","131,848"
"2023-04-01","B","R68","1,963,709","16","425","122732.0","125,785"
"2023-04-01","B","R68A","705,548","10","200","70555.0","92,420"
"2023-03-01","A","R142","4,871,009","24","1,025","202959.0","188,725"
"2023-03-01","A","R142A","1,061,270","3","220","353757.0","192,494"
"2023-03-01","B","R143","871,704","1","212","871704.0","211,893"
"2023-03-01","B","R160","7,630,500","33","1,662","231227.0","281,447"
"2023-03-01","B","R179","1,451,045","6","318","241841.0","326,423"
"2023-03-01","A","R188-CONVERSION","1,411,805","5","380","282361.0","209,605"
"2023-03-01","A","R188-NEW","449,736","0","126",,"320,319"
"2023-03-01","B","R46","4,093,095","83","746","49314.0","49,166"
"2023-03-01","A","R62","1,336,840","6","315","222807.0","146,924"
"2023-03-01","A","R62A","3,916,636","27","824","145061.0","137,109"
"2023-03-01","B","R68","2,110,955","19","425","111103.0","123,305"
"2023-03-01","B","R68A","807,024","19","200","42475.0","96,774"
"2023-02-01","A","R142","8,603,002","64","1,025","134422.0","190,221"
"2023-02-01","A","R142A","928,849","4","220","232212.0","180,827"
"2023-02-01","B","R143","835,700","0","212",,"207,039"
"2023-02-01","B","R160","6,678,614","31","1,662","215439.0","285,652"
"2023-02-01","B","R179","1,335,769","4","318","333942.0","327,118"
"2023-02-01","A","R188-CONVERSION","1,191,735","5","380","238347.0","199,151"
"2023-02-01","A","R188-NEW","379,533","0","126",,"268,978"
"2023-02-01","B","R46","3,609,776","66","746","54694.0","50,004"
"2023-02-01","A","R62","1,147,730","6","315","191288.0","143,874"
"2023-02-01","A","R62A","3,408,180","26","824","131084.0","137,482"
"2023-02-01","B","R68","1,853,514","13","425","142578.0","121,506"
"2023-02-01","B","R68A","698,332","12","200","58194.0","108,003"
"2023-01-01","A","R142","4,907,637","25","1,025","196305.0","203,598"
"2023-01-01","A","R142A","996,532","3","220","332177.0","174,691"
"2023-01-01","B","R143","873,968","7","212","124853.0","182,516"
"2023-01-01","B","R160","7,642,915","35","1,662","218369.0","293,598"
"2023-01-01","B","R179","1,569,812","4","318","392453.0","295,611"
"2023-01-01","A","R188-CONVERSION","1,432,734","2","380","716367.0","187,414"
"2023-01-01","A","R188-NEW","477,524","1","126","477524.0","245,361"
"2023-01-01","B","R46","3,959,039","87","746","45506.0","49,525"
"2023-01-01","A","R62","1,282,859","10","315","128286.0","137,299"
"2023-01-01","A","R62A","3,859,456","31","824","124499.0","140,799"
"2023-01-01","B","R68","2,098,209","15","425","139881.0","124,761"
"2023-01-01","B","R68A","806,112","13","200","62009.0","114,912"
"2022-12-01","A","R142","4,861,405","29","1,025","167635.0","206,264"
"2022-12-01","A","R142A","991,095","5","220","198219.0","159,853"
"2022-12-01","B","R143","955,224","5","212","191045.0","179,232"
"2022-12-01","B","R160","7,434,132","20","1,662","371707.0","300,347"
"2022-12-01","B","R179","1,447,344","6","318","241224.0","274,400"
"2022-12-01","A","R188-CONVERSION","1,454,945","11","380","132268.0","172,852"
"2022-12-01","A","R188-NEW","489,504","3","126","163168.0","205,025"
"2022-12-01","B","R46","3,868,682","98","746","39476.0","50,058"
"2022-12-01","A","R62","1,263,260","10","315","126326.0","140,244"
"2022-12-01","A","R62A","3,743,685","30","824","124790.0","144,445"
"2022-12-01","B","R68","1,991,745","18","425","110653.0","122,490"
"2022-12-01","B","R68A","829,088","8","200","103636.0","125,112"
"2022-11-01","A","R142","4,699,230","32","1,025","146851.0","218,029"
"2022-11-01","A","R142A","1,019,865","5","220","203973.0","163,728"
"2022-11-01","B","R143","821,140","3","212","273713.0","191,025"
"2022-11-01","B","R160","7,344,551","28","1,662","262305.0","297,431"
"2022-11-01","B","R179","1,513,061","2","318","756531.0","278,092"
"2022-11-01","A","R188-CONVERSION","1,346,795","5","380","269359.0","172,768"
"2022-11-01","A","R188-NEW","440,297","2","126","220149.0","180,363"
"2022-11-01","B","R46","3,721,882","73","746","50985.0","52,604"
"2022-11-01","A","R62","1,275,074","7","315","182153.0","141,768"
"2022-11-01","A","R62A","3,745,452","31","824","120821.0","147,684"
"2022-11-01","B","R68","1,926,075","11","425","175098.0","122,330"
"2022-11-01","B","R68A","727,848","8","200","90981.0","127,294"
"2022-10-01","A","R142","4,784,544","22","1,025","217479.0","229,990"
"2022-10-01","A","R142A","1,049,415","13","220","80724.0","159,531"
"2022-10-01","B","R143","916,592","2","212","458296.0","185,077"
"2022-10-01","B","R160","7,304,990","26","1,662","280961.0","299,586"
"2022-10-01","B","R179","1,544,818","4","318","386205.0","265,047"
"2022-10-01","A","R188-CONVERSION","1,421,695","5","380","284339.0","167,936"
"2022-10-01","A","R188-NEW","467,159","3","126","155720.0","176,818"
"2022-10-01","B","R46","3,644,838","72","746","50623.0","53,398"
"2022-10-01","A","R62","1,149,989","6","315","191665.0","141,934"
"2022-10-01","A","R62A","3,783,790","33","824","114660.0","149,425"
"2022-10-01","B","R68","2,019,712","19","425","106301.0","121,184"
"2022-10-01","B","R68A","822,936","8","200","102867.0","138,114"
"2022-09-01","A","R142","4,451,764","22","1,025","202353.0","236,916"
"2022-09-01","A","R142A","1,046,554","3","220","348851.0","164,212"
"2022-09-01","B","R143","884,768","2","212","442384.0","166,868"
"2022-09-01","B","R160","7,157,260","15","1,662","477151.0","297,525"
"2022-09-01","B","R179","1,520,104","7","318","217158.0","263,318"
"2022-09-01","A","R188-CONVERSION","1,415,185","6","380","235864.0","173,908"
"2022-09-01","A","R188-NEW","501,124","2","126","250562.0","186,257"
"2022-09-01","B","R46","3,642,588","78","746","46700.0","53,210"
"2022-09-01","A","R62","1,239,620","10","315","123962.0","140,485"
"2022-09-01","A","R62A","3,704,947","40","824","92624.0","152,967"
"2022-09-01","B","R68","2,021,072","15","425","134738.0","118,826"
"2022-09-01","B","R68A","764,496","6","200","127416.0","148,797"
"2022-08-01","A","R142","4,932,220","22","1,025","224192.0","240,935"
"2022-08-01","A","R142A","1,004,020","5","220","200804.0","155,762"
"2022-08-01","B","R143","830,992","5","212","166198.0","166,514"
"2022-08-01","B","R160","7,268,655","21","1,662","346126.0","284,569"
"2022-08-01","B","R179","1,637,401","4","318","409350.0","260,948"
"2022-08-01","A","R188-CONVERSION","1,484,755","13","380","114212.0","180,649"
"2022-08-01","A","R188-NEW","492,468","1","126","492468.0","191,755"
"2022-08-01","B","R46","3,804,080","76","746","50054.0","52,776"
"2022-08-01","A","R62","1,279,835","12","315","106653.0","148,251"
"2022-08-01","A","R62A","3,842,375","33","824","116436.0","166,544"
"2022-08-01","B","R68","2,039,022","18","425","113279.0","112,944"
"2022-08-01","B","R68A","847,064","4","200","211766.0","132,127"
"2022-07-01","A","R142","4,631,135","21","1,025","220530.0","243,293"
"2022-07-01","A","R142A","1,074,784","7","220","153541.0","156,099"
"2022-07-01","B","R143","913,836","9","212","101537.0","168,057"
"2022-07-01","B","R160","6,897,547","18","1,662","383197.0","284,496"
"2022-07-01","B","R179","1,484,811","4","318","371203.0","237,536"
"2022-07-01","A","R188-CONVERSION","1,452,240","5","380","290448.0","196,557"
"2022-07-01","A","R188-NEW","441,046","1","126","441046.0","199,217"
"2022-07-01","B","R46","3,649,406","85","746","42934.0","52,913"
"2022-07-01","A","R62","1,165,474","9","315","129497.0","152,044"
"2022-07-01","A","R62A","3,636,659","24","824","151527.0","170,097"
"2022-07-01","B","R68","1,833,825","14","425","130988.0","112,004"
"2022-07-01","B","R68A","851,127","4","200","212782.0","121,484"
"2022-06-01","A","R142","4,554,586","23","1,025","198025.0","244,898"
"2022-06-01","A","R142A","962,930","4","220","240733.0","150,452"
"2022-06-01","B","R143","972,242","9","212","108027.0","184,898"
"2022-06-01","B","R160","6,935,141","26","1,662","266736.0","275,649"
"2022-06-01","B","R179","1,463,546","4","318","365887.0","240,339"
"2022-06-01","A","R188-CONVERSION","1,396,005","2","380","698003.0","191,207"
"2022-06-01","A","R188-NEW","439,287","0","126",,"210,944"
"2022-06-01","B","R46","3,660,274","60","746","61005.0","53,284"
"2022-06-01","A","R62","1,257,060","10","315","125706.0","158,086"
"2022-06-01","A","R62A","3,708,505","16","824","231782.0","164,054"
"2022-06-01","B","R68","1,923,960","18","425","106887.0","112,306"
"2022-06-01","B","R68A","812,515","3","200","270838.0","114,247"
"2022-05-01","A","R142","4,558,411","18","1,025","253245.0","245,486"
"2022-05-01","A","R142A","981,845","7","220","140264.0","138,831"
"2022-05-01","B","R143","863,292","4","212","215823.0","201,340"
"2022-05-01","B","R160","7,022,223","27","1,662","260082.0","278,844"
"2022-05-01","B","R179","1,521,550","5","318","304310.0","245,541"
"2022-05-01","A","R188-CONVERSION","1,364,004","9","380","151556.0","184,133"
"2022-05-01","A","R188-NEW","462,814","2","126","231407.0","197,659"
"2022-05-01","B","R46","3,579,403","59","748","60668.0","52,783"
"2022-05-01","A","R62","1,252,339","5","315","250468.0","170,641"
"2022-05-01","A","R62A","3,750,579","24","824","156274.0","151,985"
"2022-05-01","B","R68","1,991,646","13","425","153204.0","116,672"
"2022-05-01","B","R68A","847,151","8","200","105894.0","108,669"
"2022-04-01","A","R142","4,536,923","18","1,025","252051.0","237,529"
"2022-04-01","A","R142A","1,009,935","4","220","252484.0","136,784"
"2022-04-01","B","R143","855,200","3","212","285067.0","199,938"
"2022-04-01","B","R160","7,087,601","27","1,662","262504.0","277,642"
"2022-04-01","B","R179","1,463,987","5","318","292797.0","244,226"
"2022-04-01","A","R188-CONVERSION","1,396,465","12","380","116372.0","181,499"
"2022-04-01","A","R188-NEW","404,936","2","126","202468.0","191,553"
"2022-04-01","B","R46","3,557,496","74","748","48074.0","53,077"
"2022-04-01","A","R62","1,189,250","10","315","118925.0","173,200"
"2022-04-01","A","R62A","3,597,110","11","824","327010.0","151,973"
"2022-04-01","B","R68","1,988,213","20","425","99411.0","112,496"
"2022-04-01","B","R68A","766,908","6","200","127818.0","112,994"
"2022-03-01","A","R142","4,969,317","22","1,025","225878.0","241,375"
"2022-03-01","A","R142A","1,049,555","7","220","149936.0","127,665"
"2022-03-01","B","R143","836,016","2","212","418008.0","193,690"
"2022-03-01","B","R160","7,493,312","28","1,662","267618.0","283,378"
"2022-03-01","B","R179","1,489,267","6","318","248211.0","230,649"
"2022-03-01","A","R188-CONVERSION","1,372,140","9","380","152460.0","201,106"
"2022-03-01","A","R188-NEW","383,873","3","126","127958.0","202,345"
"2022-03-01","B","R46","3,806,094","62","748","61389.0","55,098"
"2022-03-01","A","R62","1,316,550","8","315","164569.0","187,097"
"2022-03-01","A","R62A","3,900,937","26","824","150036.0","147,702"
"2022-03-01","B","R68","2,128,109","22","425","96732.0","114,459"
"2022-03-01","B","R68A","838,672","9","200","93186.0","104,464"
"2022-02-01","A","R142","4,305,741","22","1,025","195716.0","241,930"
"2022-02-01","A","R142A","867,155","6","220","144526.0","132,153"
"2022-02-01","B","R143","680,156","6","212","113359.0","179,938"
"2022-02-01","B","R160","6,142,379","21","1,662","292494.0","295,532"
"2022-02-01","B","R179","1,376,547","10","318","137655.0","220,156"
"2022-02-01","A","R188-CONVERSION","1,330,295","11","380","120936.0","206,401"
"2022-02-01","A","R188-NEW","397,904","2","126","198952.0","224,292"
"2022-02-01","B","R46","3,233,234","67","748","48257.0","55,423"
"2022-02-01","A","R62","1,157,025","11","315","105184.0","199,004"
"2022-02-01","A","R62A","3,359,801","18","824","186656.0","149,712"
"2022-02-01","B","R68","1,867,752","8","425","233469.0","112,336"
"2022-02-01","B","R68A","738,668","7","200","105524.0","101,895"
"2022-01-01","A","R142","4,818,638","21","1,025","229459.0","253,194"
"2022-01-01","A","R142A","931,835","9","220","103537.0","136,767"
"2022-01-01","B","R143","686,743","7","212","98106.0","187,837"
"2022-01-01","B","R160","6,610,151","25","1,662","264406.0","298,073"
"2022-01-01","B","R179","1,373,546","8","318","171693.0","204,392"
"2022-01-01","A","R188-CONVERSION","1,332,135","9","380","148015.0","208,818"
"2022-01-01","A","R188-NEW","410,235","5","126","82047.0","235,502"
"2022-01-01","B","R46","3,382,086","66","748","51244.0","55,895"
"2022-01-01","A","R62","1,039,930","6","315","173322.0","213,526"
"2022-01-01","A","R62A","3,426,205","20","824","171310.0","149,604"
"2022-01-01","B","R68","1,786,987","16","425","111687.0","107,355"
"2022-01-01","B","R68A","662,004","5","200","132401.0","97,458"
"2021-12-01","A","R142","4,572,824","13","1,025","351756.0","261,347"
"2021-12-01","A","R142A","954,235","3","220","318078.0","136,474"
"2021-12-01","B","R143","863,340","1","212","863340.0","211,174"
"2021-12-01","B","R160","6,909,159","21","1,662","329008.0","300,217"
"2021-12-01","B","R179","1,409,220","5","318","281844.0","187,811"
"2021-12-01","A","R188-CONVERSION","1,446,740","11","380","131522.0","224,983"
"2021-12-01","A","R188-NEW","389,386","6","126","64898.0","285,636"
"2021-12-01","B","R46","3,506,321","49","748","71558.0","56,273"
"2021-12-01","A","R62","1,138,225","8","315","142278.0","223,667"
"2021-12-01","A","R62A","3,553,514","22","824","161523.0","151,870"
"2021-12-01","B","R68","1,838,706","17","425","108159.0","106,524"
"2021-12-01","B","R68A","613,075","5","200","122615.0","99,454"
"2021-11-01","A","R142","4,541,527","18","1,025","252307.0","256,140"
"2021-11-01","A","R142A","873,060","6","220","145510.0","134,850"
"2021-11-01","B","R143","876,072","5","212","175214.0","197,811"
"2021-11-01","B","R160","7,055,771","25","1,662","282231.0","305,548"
"2021-11-01","B","R179","1,473,324","5","318","294665.0","168,040"
"2021-11-01","A","R188-CONVERSION","1,381,984","8","380","172748.0","241,197"
"2021-11-01","A","R188-NEW","337,480","2","126","168740.0","396,906"
"2021-11-01","B","R46","3,679,472","60","748","61325.0","55,820"
"2021-11-01","A","R62","1,291,975","7","315","184568.0","239,463"
"2021-11-01","A","R62A","3,666,412","27","824","135793.0","149,740"
"2021-11-01","B","R68","1,828,300","12","425","152358.0","109,998"
"2021-11-01","B","R68A","689,044","2","200","344522.0","91,799"
"2021-10-01","A","R142","4,565,273","14","1,025","326091.0","252,277"
"2021-10-01","A","R142A","903,120","10","220","90312.0","140,468"
"2021-10-01","B","R143","916,262","8","212","114533.0","202,338"
"2021-10-01","B","R160","7,322,854","28","1,662","261531.0","310,422"
"2021-10-01","B","R179","1,429,001","4","318","357250.0","157,542"
"2021-10-01","A","R188-CONVERSION","1,323,195","1","380","1323195.0","256,074"
"2021-10-01","A","R188-NEW","368,375","1","126","368375.0","437,388"
"2021-10-01","B","R46","3,599,252","74","748","48639.0","55,925"
"2021-10-01","A","R62","1,283,158","8","315","160395.0","246,949"
"2021-10-01","A","R62A","3,601,406","25","824","144056.0","152,293"
"2021-10-01","B","R68","1,804,734","21","425","85940.0","103,694"
"2021-10-01","B","R68A","645,900","2","200","322950.0","86,604"
"2021-09-01","A","R142","4,187,527","17","1,025","246325.0","245,694"
"2021-09-01","A","R142A","913,899","6","220","152317.0","146,878"
"2021-09-01","B","R143","863,184","2","212","431592.0","225,225"
"2021-09-01","B","R160","6,918,476","27","1,662","256240.0","310,685"
"2021-09-01","B","R179","1,361,307","7","318","194472.0","145,752"
"2021-09-01","A","R188-CONVERSION","1,339,725","2","380","669863.0","246,070"
"2021-09-01","A","R188-NEW","457,834","1","126","457834.0","413,961"
"2021-09-01","B","R46","3,291,344","78","748","42197.0","56,458"
"2021-09-01","A","R62","1,157,770","4","315","289443.0","260,855"
"2021-09-01","A","R62A","3,257,887","14","824","232706.0","154,343"
"2021-09-01","B","R68","1,783,474","23","425","77542.0","107,906"
"2021-09-01","B","R68A","672,539","13","200","51734.0","78,741"
"2021-08-01","A","R142","4,499,120","18","1,025","249951.0","253,437"
"2021-08-01","A","R142A","872,840","4","220","218210.0","152,988"
"2021-08-01","B","R143","925,144","5","212","185029.0","198,637"
"2021-08-01","B","R160","7,531,803","22","1,662","342355.0","314,082"
"2021-08-01","B","R179","1,494,026","10","318","149403.0","143,021"
"2021-08-01","A","R188-CONVERSION","1,375,848","5","380","275170.0","246,550"
"2021-08-01","A","R188-NEW","487,253","0","126",,"416,160"
"2021-08-01","B","R46","3,333,037","65","748","51277.0","58,533"
"2021-08-01","A","R62","1,195,405","9","315","132823.0","250,077"
"2021-08-01","A","R62A","3,405,438","25","824","136218.0","152,905"
"2021-08-01","B","R68","1,961,127","19","425","103217.0","110,845"
"2021-08-01","B","R68A","730,760","9","200","81196.0","77,120"
"2021-07-01","A","R142","4,502,405","19","1,025","236969.0","256,753"
"2021-07-01","A","R142A","963,465","9","220","107052.0","144,278"
"2021-07-01","B","R143","1,016,664","4","212","254166.0","182,280"
"2021-07-01","B","R160","7,319,667","29","1,662","252402.0","321,012"
"2021-07-01","B","R179","1,449,119","3","318","483040.0","142,383"
"2021-07-01","A","R188-CONVERSION","1,385,300","7","380","197900.0","246,399"
"2021-07-01","A","R188-NEW","523,277","0","126",,"343,102"
"2021-07-01","B","R46","3,519,582","77","748","45709.0","58,846"
"2021-07-01","A","R62","1,265,180","6","315","210863.0","244,936"
"2021-07-01","A","R62A","3,426,169","32","824","107068.0","154,368"
"2021-07-01","B","R68","2,007,462","15","425","133831.0","113,339"
"2021-07-01","B","R68A","665,504","7","200","95072.0","73,943"
"2021-06-01","A","R142","4,440,187","22","1,025","201827.0","254,768"
"2021-06-01","A","R142A","924,400","10","220","92440.0","135,623"
"2021-06-01","B","R143","886,252","4","212","221563.0","173,132"
"2021-06-01","B","R160","7,355,241","24","1,662","306468.0","327,839"
"2021-06-01","B","R179","1,346,959","2","318","673480.0","131,849"
"2021-06-01","A","R188-CONVERSION","1,339,995","5","380","267999.0","258,887"
"2021-06-01","A","R188-NEW","515,779","2","126","257890.0","290,088"
"2021-06-01","B","R46","3,422,359","63","748","54323.0","58,708"
"2021-06-01","A","R62","1,217,690","3","315","405897.0","233,968"
"2021-06-01","A","R62A","3,458,329","35","824","98809.0","160,854"
"2021-06-01","B","R68","1,997,874","11","425","181625.0","114,036"
"2021-06-01","B","R68A","714,604","6","200","119101.0","72,738"
"2021-05-01","A","R142","4,454,724","25","1,025","178189.0","258,649"
"2021-05-01","A","R142A","815,980","7","220","116569.0","133,007"
"2021-05-01","B","R143","991,744","5","212","198349.0","168,956"
"2021-05-01","B","R160","7,489,770","30","1,662","249659.0","326,604"
"2021-05-01","B","R179","1,429,536","5","318","285907.0","119,171"
"2021-05-01","A","R188-CONVERSION","1,311,050","10","380","131105.0","259,043"
"2021-05-01","A","R188-NEW","495,608","3","126","165203.0","288,443"
"2021-05-01","B","R46","3,494,264","53","748","65930.0","60,249"
"2021-05-01","A","R62","1,296,615","4","315","324154.0","237,855"
"2021-05-01","A","R62A","3,443,437","22","824","156520.0","165,861"
"2021-05-01","B","R68","1,956,352","20","425","97818.0","109,861"
"2021-05-01","B","R68A","736,860","4","200","184215.0","68,005"
"2021-04-01","A","R142","4,452,084","14","1,025","318006.0","270,995"
"2021-04-01","A","R142A","909,680","9","220","101076.0","133,388"
"2021-04-01","B","R143","917,704","5","212","183541.0","165,205"
"2021-04-01","B","R160","7,431,597","22","1,662","337800.0","326,548"
"2021-04-01","B","R179","1,436,185","9","318","159576.0","117,002"
"2021-04-01","A","R188-CONVERSION","1,351,179","3","380","450393.0","289,802"
"2021-04-01","A","R188-NEW","493,953","1","126","493953.0","326,667"
"2021-04-01","B","R46","3,717,916","48","748","77457.0","60,583"
"2021-04-01","A","R62","1,234,055","4","315","308514.0","219,589"
"2021-04-01","A","R62A","3,595,508","19","824","189237.0","162,708"
"2021-04-01","B","R68","2,045,480","17","425","120322.0","110,984"
"2021-04-01","B","R68A","753,984","12","200","62832.0","63,724"
"2021-03-01","A","R142","4,610,412","20","1,025","230521.0","272,689"
"2021-03-01","A","R142A","906,900","3","220","302300.0","135,417"
"2021-03-01","B","R143","993,084","7","212","141869.0","168,127"
"2021-03-01","B","R160","7,617,446","16","1,662","476090.0","323,775"
"2021-03-01","B","R179","1,593,398","10","318","159340.0","115,533"
"2021-03-01","A","R188-CONVERSION","1,388,200","7","380","198314.0","291,647"
"2021-03-01","A","R188-NEW","505,923","1","126","505923.0","329,459"
"2021-03-01","B","R46","3,776,006","57","748","66246.0","59,442"
"2021-03-01","A","R62","1,250,270","3","315","416757.0","216,495"
"2021-03-01","A","R62A","3,575,556","20","824","178778.0","163,400"
"2021-03-01","B","R68","2,150,547","26","425","82713.0","111,168"
"2021-03-01","B","R68A","834,355","11","200","75850.0","64,807"
"2021-02-01","A","R142","4,032,410","11","1,025","366583.0","281,678"
"2021-02-01","A","R142A","835,170","3","220","278390.0","129,595"
"2021-02-01","B","R143","770,528","4","212","192632.0","175,310"
"2021-02-01","B","R160","6,581,111","20","1,662","329056.0","299,402"
"2021-02-01","B","R179","1,373,331","16","318","85833.0","109,722"
"2021-02-01","A","R188-CONVERSION","1,103,625","9","380","122625.0","319,932"
"2021-02-01","A","R188-NEW","431,441","1","126","431441.0","288,516"
"2021-02-01","B","R46","3,199,793","60","748","53330.0","58,521"
"2021-02-01","A","R62","1,149,495","6","315","191583.0","212,096"
"2021-02-01","A","R62A","3,030,459","16","824","189404.0","160,005"
"2021-02-01","B","R68","1,812,829","17","425","106637.0","111,441"
"2021-02-01","B","R68A","662,800","10","200","66280.0","65,561"
"2021-01-01","A","R142","4,456,378","13","1,025","342798.0","265,746"
"2021-01-01","A","R142A","908,710","9","220","100968.0","124,211"
"2021-01-01","B","R143","961,046","2","212","480523.0","172,338"
"2021-01-01","B","R160","7,229,838","25","1,662","289194.0","294,107"
"2021-01-01","B","R179","1,671,038","17","318","98296.0","115,576"
"2021-01-01","A","R188-CONVERSION","1,226,965","3","380","408988.0","354,711"
"2021-01-01","A","R188-NEW","420,782","1","126","420782.0","289,787"
"2021-01-01","B","R46","3,778,023","68","748","55559.0","58,165"
"2021-01-01","A","R62","1,282,168","4","315","320542.0","220,251"
"2021-01-01","A","R62A","3,294,425","15","824","219628.0","154,808"
"2021-01-01","B","R68","2,141,784","21","425","101990.0","111,053"
"2021-01-01","B","R68A","833,588","5","200","166718.0","69,011"
"2020-12-01","A","R142","4,534,969","17","1,025","266763.0","257,773"
"2020-12-01","A","R142A","960,755","4","220","240189.0","136,117"
"2020-12-01","B","R143","959,744","5","212","191949.0","171,338"
"2020-12-01","B","R160","7,533,056","18","1,662","418503.0","287,571"
"2020-12-01","B","R179","1,587,003","17","318","93353.0","118,608"
"2020-12-01","A","R188-CONVERSION","1,391,930","6","380","231988.0","314,279"
"2020-12-01","A","R188-NEW","518,984","1","126","518984.0","264,109"
"2020-12-01","B","R32","0","0","41",,
"2020-12-01","B","R46","3,724,010","59","748","63119.0","59,295"
"2020-12-01","A","R62","1,222,904","4","315","305726.0","212,099"
"2020-12-01","A","R62A","3,573,104","26","824","137427.0","148,652"
"2020-12-01","B","R68","2,159,674","13","425","166129.0","111,265"
"2020-12-01","B","R68A","780,975","14","200","55784.0","63,890"
"2020-11-01","A","R142","4,242,644","20","1,025","212132.0","248,902"
"2020-11-01","A","R142A","901,144","3","220","300381.0","139,857"
"2020-11-01","B","R143","927,236","4","212","231809.0","166,020"
"2020-11-01","B","R160","7,208,070","21","1,662","343241.0","272,927"
"2020-11-01","B","R179","1,473,821","12","318","122818.0","130,507"
"2020-11-01","A","R188-CONVERSION","1,339,580","4","380","334895.0","314,347"
"2020-11-01","A","R188-NEW","466,830","1","126","466830.0","248,904"
"2020-11-01","B","R32","0","0","251",,
"2020-11-01","B","R46","3,535,752","56","748","63138.0","59,541"
"2020-11-01","A","R62","1,262,215","5","315","252443.0","212,627"
"2020-11-01","A","R62A","3,304,965","20","824","165248.0","144,547"
"2020-11-01","B","R68","2,028,216","27","425","75119.0","105,817"
"2020-11-01","B","R68A","628,501","7","200","89786.0","67,636"
"2020-10-01","A","R142","4,411,359","19","1,025","232177.0","247,971"
"2020-10-01","A","R142A","956,045","7","220","136578.0","127,779"
"2020-10-01","B","R143","1,048,912","3","212","349637.0","160,337"
"2020-10-01","B","R160","8,329,159","31","1,662","268683.0","262,237"
"2020-10-01","B","R179","837,302","9","318","93034.0","140,941"
"2020-10-01","A","R188-CONVERSION","1,441,170","4","380","360293.0","291,126"
"2020-10-01","A","R188-NEW","477,793","2","126","238897.0","226,788"
"2020-10-01","B","R32","3,114","0","251",,
"2020-10-01","B","R46","3,776,876","70","748","53955.0","59,591"
"2020-10-01","A","R62","1,334,970","5","315","266994.0","205,980"
"2020-10-01","A","R62A","3,689,830","22","824","167720.0","143,417"
"2020-10-01","B","R68","2,126,048","15","425","141737.0","101,777"
"2020-10-01","B","R68A","725,795","13","200","55830.0","65,983"
"2020-09-01","A","R142","4,331,664","11","1,025","393788.0","244,367"
"2020-09-01","A","R142A","907,045","3","220","302348.0","126,355"
"2020-09-01","B","R143","924,228","9","212","102692.0","156,776"
"2020-09-01","B","R160","8,514,775","29","1,662","293613.0","260,002"
"2020-09-01","B","R179","40,599","0","318",,"140,880"
"2020-09-01","A","R188-CONVERSION","1,370,909","2","380","685455.0","290,394"
"2020-09-01","A","R188-NEW","488,619","1","126","488619.0","239,634"
"2020-09-01","B","R32","92,052","0","251",,
"2020-09-01","B","R46","3,802,994","60","750","63383.0","61,106"
"2020-09-01","A","R62","1,293,678","7","315","184811.0","200,691"
"2020-09-01","A","R62A","3,487,074","18","824","193726.0","136,055"
"2020-09-01","B","R68","2,109,391","20","425","105470.0","92,576"
"2020-09-01","B","R68A","646,884","15","200","43126.0","68,301"
"2020-08-01","A","R142","4,165,194","14","1,025","297514.0","228,484"
"2020-08-01","A","R142A","831,555","8","220","103944.0","115,668"
"2020-08-01","B","R143","1,086,476","11","212","98771.0","169,049"
"2020-08-01","B","R160","8,878,750","20","1,662","443938.0","268,410"
"2020-08-01","B","R179","0","0","318",,"142,727"
"2020-08-01","A","R188-CONVERSION","1,366,005","5","380","273201.0","285,629"
"2020-08-01","A","R188-NEW","493,740","3","126","164580.0","253,012"
"2020-08-01","B","R32","135,111","0","251",,
"2020-08-01","B","R46","3,916,020","71","750","55155.0","60,366"
"2020-08-01","A","R62","1,376,805","11","315","125164.0","203,142"
"2020-08-01","A","R62A","3,491,785","23","824","151817.0","122,938"
"2020-08-01","B","R68","2,172,254","16","425","135766.0","88,623"
"2020-08-01","B","R68A","667,508","13","200","51347.0","72,197"
"2020-07-01","A","R142","4,604,869","21","1,030","219279.0","226,029"
"2020-07-01","A","R142A","992,425","14","220","70888.0","115,624"
"2020-07-01","B","R143","1,132,860","8","212","141608.0","182,778"
"2020-07-01","B","R160","8,937,337","28","1,662","319191.0","262,729"
"2020-07-01","B","R179","216","0","318",,"143,544"
"2020-07-01","A","R188-CONVERSION","1,420,360","4","380","355090.0","304,925"
"2020-07-01","A","R188-NEW","492,303","3","126","164101.0","295,781"
"2020-07-01","B","R32","110,044","0","251",,
"2020-07-01","B","R46","4,004,110","87","750","46024.0","60,864"
"2020-07-01","A","R62","1,287,080","9","315","143009.0","204,034"
"2020-07-01","A","R62A","3,716,615","23","824","161592.0","119,068"
"2020-07-01","B","R68","2,273,492","16","425","142093.0","83,735"
"2020-07-01","B","R68A","669,936","9","200","74437.0","78,094"
"2020-06-01","A","R142","4,467,610","19","1,030","235137.0","225,039"
"2020-06-01","A","R142A","981,185","12","220","81765.0","127,191"
"2020-06-01","B","R143","944,403","6","212","157401.0","178,706"
"2020-06-01","B","R160","8,310,982","28","1,662","296821.0","256,778"
"2020-06-01","B","R179","117,163","2","318","58582.0","143,945"
"2020-06-01","A","R188-CONVERSION","1,349,675","5","380","269935.0","272,765"
"2020-06-01","A","R188-NEW","482,891","2","126","241446.0","356,069"
"2020-06-01","B","R32","0","0","251",,
"2020-06-01","B","R46","3,737,706","49","750","76280.0","63,270"
"2020-06-01","A","R62","1,232,460","2","315","616230.0","212,520"
"2020-06-01","A","R62A","3,594,266","28","824","128367.0","115,083"
"2020-06-01","B","R68","2,182,114","21","425","103910.0","79,638"
"2020-06-01","B","R68A","559,380","12","200","46615.0","80,386"
"2020-05-01","A","R142","3,992,357","14","1,030","285168.0","234,402"
"2020-05-01","A","R142A","980,630","8","220","122579.0","124,722"
"2020-05-01","B","R143","732,924","5","212","146585.0","174,812"
"2020-05-01","B","R160","5,841,072","25","1,662","233643.0","262,593"
"2020-05-01","B","R179","1,570,192","8","318","196274.0","150,046"
"2020-05-01","A","R188-CONVERSION","899,730","2","380","449865.0","278,366"
"2020-05-01","A","R188-NEW","280,072","0","126",,"412,013"
"2020-05-01","B","R32","0","0","251",,
"2020-05-01","B","R46","2,650,284","35","750","75722.0","60,329"
"2020-05-01","A","R62","1,225,534","9","315","136170.0","207,899"
"2020-05-01","A","R62A","2,648,860","22","824","120403.0","115,405"
"2020-05-01","B","R68","1,991,462","18","425","110637.0","76,029"
"2020-05-01","B","R68A","520,419","9","200","57824.0","82,556"
"2020-04-01","A","R142","2,870,329","7","1,030","410047.0","238,435"
"2020-04-01","A","R142A","671,815","6","220","111969.0","123,016"
"2020-04-01","B","R143","446,784","1","212","446784.0","172,659"
"2020-04-01","B","R160","4,703,952","16","1,662","293997.0","263,364"
"2020-04-01","B","R179","827,077","5","308","165415.0","149,675"
"2020-04-01","A","R188-CONVERSION","575,855","0","380",,"264,631"
"2020-04-01","A","R188-NEW","211,966","0","126",,"370,650"
"2020-04-01","B","R32","0","0","251",,
"2020-04-01","B","R46","2,242,932","37","750","60620.0","59,285"
"2020-04-01","A","R62","804,050","3","315","268017.0","225,017"
"2020-04-01","A","R62A","2,135,877","9","824","237320.0","114,473"
"2020-04-01","B","R68","1,531,529","12","425","127627.0","74,053"
"2020-04-01","B","R68A","246,752","2","200","123376.0","87,357"
"2020-03-01","A","R142","4,028,930","12","1,030","335744.0","237,191"
"2020-03-01","A","R142A","959,495","7","220","137071.0","122,040"
"2020-03-01","B","R143","758,752","3","212","252917.0","153,860"
"2020-03-01","B","R160","7,453,063","38","1,662","196133.0","260,203"
"2020-03-01","B","R179","1,364,755","13","298","104981.0","150,013"
"2020-03-01","A","R188-CONVERSION","1,231,070","2","380","615535.0","264,489"
"2020-03-01","A","R188-NEW","427,874","3","126","142625.0","363,888"
"2020-03-01","B","R32","129,533","0","251",,
"2020-03-01","B","R46","3,240,002","59","750","54915.0","59,895"
"2020-03-01","A","R62","1,163,285","4","315","290821.0","216,877"
"2020-03-01","A","R62A","3,394,024","24","824","141418.0","113,126"
"2020-03-01","B","R68","1,988,270","24","425","82845.0","73,780"
"2020-03-01","B","R68A","531,411","5","200","106282.0","88,607"
"2020-02-01","A","R142","4,385,483","23","1,030","190673.0","235,102"
"2020-02-01","A","R142A","879,785","7","220","125684.0","124,424"
"2020-02-01","B","R143","761,591","5","212","152318.0","147,648"
"2020-02-01","B","R160","7,938,940","30","1,662","264631.0","266,986"
"2020-02-01","B","R179","1,374,960","11","298","124996.0","156,285"
"2020-02-01","A","R188-CONVERSION","1,284,595","5","380","256919.0","258,219"
"2020-02-01","A","R188-NEW","454,319","1","126","454319.0","451,035"
"2020-02-01","B","R32","349,999","0","251",,
"2020-02-01","B","R42","0","0","50",,
"2020-02-01","B","R46","2,888,650","59","750","48960.0","61,157"
"2020-02-01","A","R62","1,271,680","4","315","317920.0","213,692"
"2020-02-01","A","R62A","3,300,060","26","824","126925.0","113,921"
"2020-02-01","B","R68","2,060,663","20","425","103033.0","69,384"
"2020-02-01","B","R68A","573,058","3","200","191019.0","86,749"
"2020-01-01","A","R142","4,745,783","20","1,030","237289.0","232,599"
"2020-01-01","A","R142A","1,003,600","2","220","501800.0","129,431"
"2020-01-01","B","R143","899,064","2","212","449532.0","133,633"
"2020-01-01","B","R160","8,948,821","38","1,662","235495.0","264,924"
"2020-01-01","B","R179","651,352","6","278","108559.0","157,828"
"2020-01-01","A","R188-CONVERSION","1,414,505","9","380","157167.0","249,117"
"2020-01-01","A","R188-NEW","486,786","3","126","162262.0","415,543"
"2020-01-01","B","R32","684,478","0","251",,
"2020-01-01","B","R42","49,552","0","50",,
"2020-01-01","B","R46","3,394,186","48","750","70712.0","63,640"
"2020-01-01","A","R62","1,372,270","7","315","196039.0","216,006"
"2020-01-01","A","R62A","3,651,019","28","824","130394.0","114,976"
"2020-01-01","B","R68","2,189,056","21","425","104241.0","66,629"
"2020-01-01","B","R68A","669,000","11","200","60818.0","86,844"
"2019-12-01","A","R142","4,778,623","25","1,030","191145.0","213,813"
"2019-12-01","A","R142A","983,970","2","220","491985.0","124,767"
"2019-12-01","B","R143","796,008","6","212","132668.0","126,684"
"2019-12-01","B","R160","8,822,072","40","1,662","220552.0","267,016"
"2019-12-01","B","R179","1,269,566","7","259","181367.0","162,771"
"2019-12-01","A","R188-CONVERSION","1,395,220","6","380","232537.0","261,840"
"2019-12-01","A","R188-NEW","463,799","2","126","231900.0","480,718"
"2019-12-01","B","R32","534,305","0","251",,
"2019-12-01","B","R42","14,764","0","50",,
"2019-12-01","B","R46","3,060,352","45","752","68008.0","62,172"
"2019-12-01","A","R62","1,259,875","4","315","314969.0","215,195"
"2019-12-01","A","R62A","3,625,257","34","824","106625.0","114,129"
"2019-12-01","B","R68","2,108,575","24","425","87857.0","63,610"
"2019-12-01","B","R68A","663,156","6","200","110526.0","86,246"
"2019-11-01","A","R142","4,547,715","22","1,030","206714.0","208,235"
"2019-11-01","A","R142A","969,190","11","220","88108.0","111,437"
"2019-11-01","B","R143","729,592","5","212","145918.0","115,872"
"2019-11-01","B","R160","8,513,176","40","1,662","212829.0","265,406"
"2019-11-01","B","R179","1,107,991","4","258","276998.0","167,489"
"2019-11-01","A","R188-CONVERSION","1,389,455","8","380","173682.0","261,465"
"2019-11-01","A","R188-NEW","455,954","3","126","151985.0","524,282"
"2019-11-01","B","R32","519,944","0","251",,
"2019-11-01","B","R42","29,852","0","50",,
"2019-11-01","B","R46","2,973,252","46","752","64636.0","62,907"
"2019-11-01","A","R62","1,208,870","7","315","172696.0","213,272"
"2019-11-01","A","R62A","3,565,586","24","824","148566.0","114,928"
"2019-11-01","B","R68","1,998,926","36","425","55526.0","63,128"
"2019-11-01","B","R68A","586,863","9","200","65207.0","84,772"
"2019-10-01","A","R142","4,887,171","24","1,030","203632.0","206,492"
"2019-10-01","A","R142A","1,084,880","9","220","120542.0","109,014"
"2019-10-01","B","R143","821,000","3","212","273667.0","110,276"
"2019-10-01","B","R160","9,337,647","38","1,662","245728.0","264,862"
"2019-10-01","B","R179","1,115,120","11","238","101375.0","156,109"
"2019-10-01","A","R188-CONVERSION","1,403,125","4","380","350781.0","272,167"
"2019-10-01","A","R188-NEW","533,616","1","126","533616.0","722,295"
"2019-10-01","B","R32","496,158","0","251",,
"2019-10-01","B","R42","21,992","0","50",,
"2019-10-01","B","R46","3,136,307","43","752","72937.0","62,735"
"2019-10-01","A","R62","1,355,583","7","315","193655.0","238,017"
"2019-10-01","A","R62A","3,797,831","38","824","99943.0","110,307"
"2019-10-01","B","R68","2,112,048","39","425","54155.0","63,531"
"2019-10-01","B","R68A","700,648","9","200","77850.0","85,872"
"2019-09-01","A","R142","4,391,819","26","1,030","168916.0","207,845"
"2019-09-01","A","R142A","996,975","12","220","83081.0","111,560"
"2019-09-01","B","R143","695,364","3","212","231788.0","99,559"
"2019-09-01","B","R160","8,941,640","19","1,662","470613.0","264,497"
"2019-09-01","B","R179","1,020,679","6","228","170113.0","171,014"
"2019-09-01","A","R188-CONVERSION","1,408,745","3","380","469582.0","264,866"
"2019-09-01","A","R188-NEW","529,940","0","126",,"634,134"
"2019-09-01","B","R32","483,891","0","251",,
"2019-09-01","B","R42","16,916","0","50",,
"2019-09-01","B","R46","3,028,422","55","752","55062.0","61,443"
"2019-09-01","A","R62","1,271,850","6","315","211975.0","250,063"
"2019-09-01","A","R62A","3,525,340","50","824","70507.0","111,374"
"2019-09-01","B","R68","2,028,846","31","425","65447.0","66,304"
"2019-09-01","B","R68A","614,972","9","200","68330.0","86,551"
"2019-08-01","A","R142","4,738,062","19","1,030","249372.0","210,588"
"2019-08-01","A","R142A","1,058,405","10","220","105841.0","108,804"
"2019-08-01","B","R143","786,100","5","212","157220.0","99,632"
"2019-08-01","B","R160","9,461,165","30","1,662","315372.0","254,919"
"2019-08-01","B","R179","1,064,486","7","218","152069.0","144,144"
"2019-08-01","A","R188-CONVERSION","1,473,924","2","380","736962.0","235,693"
"2019-08-01","A","R188-NEW","504,536","0","126",,"623,425"
"2019-08-01","B","R32","525,186","0","251",,
"2019-08-01","B","R42","20,070","0","50",,
"2019-08-01","B","R46","3,136,041","53","752","59171.0","62,403"
"2019-08-01","A","R62","1,033,870","9","315","114874.0","248,698"
"2019-08-01","A","R62A","3,647,555","35","824","104216.0","115,343"
"2019-08-01","B","R68","2,153,191","32","425","67287.0","67,631"
"2019-08-01","B","R68A","692,848","6","200","115475.0","93,183"
"2019-07-01","A","R142","4,600,195","22","1,030","209100.0","205,325"
"2019-07-01","A","R142A","1,004,490","5","220","200898.0","102,700"
"2019-07-01","B","R143","742,436","7","212","106062.0","98,194"
"2019-07-01","B","R160","9,303,103","38","1,662","244819.0","251,972"
"2019-07-01","B","R179","895,926","6","208","149321.0","129,912"
"2019-07-01","A","R188-CONVERSION","1,448,940","10","380","144894.0","224,354"
"2019-07-01","A","R188-NEW","509,281","0","126",,"557,253"
"2019-07-01","B","R32","542,205","0","251",,
"2019-07-01","B","R42","30,890","0","50",,
"2019-07-01","B","R46","3,271,971","52","752","62923.0","61,561"
"2019-07-01","A","R62","1,252,013","6","315","208669.0","270,489"
"2019-07-01","A","R62A","3,623,627","34","824","106577.0","116,312"
"2019-07-01","B","R68","2,183,872","30","425","72796.0","66,873"
"2019-07-01","B","R68A","635,083","6","200","105847.0","90,813"
"2019-06-01","A","R142","4,539,629","10","1,030","453963.0","204,092"
"2019-06-01","A","R142A","1,005,925","14","220","71852.0","97,282"
"2019-06-01","B","R143","745,788","6","212","124298.0","95,279"
"2019-06-01","B","R160","8,945,018","22","1,662","406592.0","246,903"
"2019-06-01","B","R179","791,884","3","194","263961.0","118,380"
"2019-06-01","A","R188-CONVERSION","1,384,950","4","380","346238.0","236,614"
"2019-06-01","A","R188-NEW","498,024","0","126",,"500,284"
"2019-06-01","B","R32","634,643","0","251",,
"2019-06-01","B","R42","33,054","0","50",,
"2019-06-01","B","R46","3,054,313","66","752","46277.0","61,773"
"2019-06-01","A","R62","1,334,030","4","315","333508.0","273,631"
"2019-06-01","A","R62A","3,361,324","25","824","134453.0","114,749"
"2019-06-01","B","R68","2,059,004","34","425","60559.0","67,129"
"2019-06-01","B","R68A","583,039","10","200","58304.0","91,488"
"2019-05-01","A","R142","4,895,702","14","1,030","349693.0","192,442"
"2019-05-01","A","R142A","1,068,010","10","220","106801.0","97,577"
"2019-05-01","B","R143","795,800","6","212","132633.0","98,453"
"2019-05-01","B","R160","9,553,254","38","1,662","251401.0","240,879"
"2019-05-01","B","R179","639,900","2","178","319950.0","109,953"
"2019-05-01","A","R188-CONVERSION","1,467,465","7","380","209638.0","235,888"
"2019-05-01","A","R188-NEW","483,653","2","126","241827.0","452,131"
"2019-05-01","B","R32","509,612","0","251",,
"2019-05-01","B","R42","20,726","0","50",,
"2019-05-01","B","R46","3,330,567","57","752","58431.0","63,120"
"2019-05-01","A","R62","1,298,745","4","315","324686.0","275,583"
"2019-05-01","A","R62A","3,697,310","34","824","108744.0","108,674"
"2019-05-01","B","R68","2,097,579","28","425","74914.0","70,154"
"2019-05-01","B","R68A","666,444","6","200","111074.0","99,092"
"2019-04-01","A","R142","4,726,412","16","1,030","295401.0","180,698"
"2019-04-01","A","R142A","1,067,205","10","220","106721.0","95,185"
"2019-04-01","B","R143","853,955","10","212","85396.0","98,590"
"2019-04-01","B","R160","8,684,629","36","1,662","241240.0","241,088"
"2019-04-01","B","R179","554,376","3","152","184792.0","99,780"
"2019-04-01","A","R188-CONVERSION","1,360,834","3","380","453611.0","227,476"
"2019-04-01","A","R188-NEW","474,420","1","126","474420.0","537,014"
"2019-04-01","B","R32","562,665","0","251",,
"2019-04-01","B","R42","20,782","0","50",,
"2019-04-01","B","R46","3,459,172","51","752","67827.0","64,720"
"2019-04-01","A","R62","1,359,332","8","315","169917.0","269,130"
"2019-04-01","A","R62A","3,572,606","26","824","137408.0","107,804"
"2019-04-01","B","R68","2,031,278","20","425","101564.0","71,035"
"2019-04-01","B","R68A","703,708","6","200","117285.0","93,075"
"2019-03-01","A","R142","4,717,718","17","1,030","277513.0","174,635"
"2019-03-01","A","R142A","1,071,145","6","220","178524.0","97,670"
"2019-03-01","B","R143","822,744","6","212","137124.0","97,863"
"2019-03-01","B","R160","8,878,789","33","1,662","269054.0","237,565"
"2019-03-01","B","R179","453,692","4","136","113423.0","92,934"
"2019-03-01","A","R188-CONVERSION","1,352,480","4","380","338120.0","210,462"
"2019-03-01","A","R188-NEW","469,127","0","126",,"586,702"
"2019-03-01","B","R32","569,106","0","251",,
"2019-03-01","B","R42","15,844","0","50",,
"2019-03-01","B","R46","3,490,047","50","752","69801.0","66,795"
"2019-03-01","A","R62","1,367,705","6","315","227951.0","296,978"
"2019-03-01","A","R62A","3,694,796","24","824","153950.0","106,389"
"2019-03-01","B","R68","2,093,954","47","425","44552.0","70,819"
"2019-03-01","B","R68A","631,811","8","200","78976.0","93,382"
"2019-02-01","A","R142","4,254,833","25","1,030","170193.0","171,590"
"2019-02-01","A","R142A","982,150","4","220","245538.0","89,974"
"2019-02-01","B","R143","666,444","11","212","60586.0","92,886"
"2019-02-01","B","R160","8,170,023","34","1,662","240295.0","238,276"
"2019-02-01","B","R179","378,206","4","128","94552.0","90,241"
"2019-02-01","A","R188-CONVERSION","1,191,205","7","380","170172.0","206,815"
"2019-02-01","A","R188-NEW","408,459","2","126","204230.0","473,599"
"2019-02-01","B","R32","656,181","0","251",,
"2019-02-01","B","R42","15,704","0","50",,
"2019-02-01","B","R46","3,167,480","39","752","81217.0","67,947"
"2019-02-01","A","R62","1,222,270","3","315","407423.0","317,299"
"2019-02-01","A","R62A","3,353,811","23","824","145818.0","103,733"
"2019-02-01","B","R68","1,796,207","31","425","57942.0","77,549"
"2019-02-01","B","R68A","581,508","3","200","193836.0","99,878"
"2019-01-01","A","R142","4,727,188","41","1,030","115297.0","169,722"
"2019-01-01","A","R142A","1,059,579","6","220","176597.0","86,517"
"2019-01-01","B","R143","1,046,048","7","212","149435.0","99,078"
"2019-01-01","B","R160","9,263,877","36","1,662","257330.0","241,832"
"2019-01-01","B","R179","311,672","2","112","155836.0","89,522"
"2019-01-01","A","R188-CONVERSION","1,219,585","5","380","243917.0","214,691"
"2019-01-01","A","R188-NEW","437,811","1","126","437811.0","523,645"
"2019-01-01","B","R32","765,087","0","251",,
"2019-01-01","B","R42","57,726","0","50",,
"2019-01-01","B","R46","3,438,918","63","752","54586.0","67,808"
"2019-01-01","A","R62","1,314,700","7","315","187814.0","312,576"
"2019-01-01","A","R62A","3,789,779","32","824","118431.0","101,021"
"2019-01-01","B","R68","2,144,468","38","425","56433.0","79,811"
"2019-01-01","B","R68A","702,084","12","200","58507.0","92,680"
"2018-12-01","A","R142","4,780,596","32","1,030","149394.0","177,571"
"2018-12-01","A","R142A","1,001,565","14","220","71540.0","75,880"
"2018-12-01","B","R143","1,028,000","15","212","68533.0","98,613"
"2018-12-01","B","R160","8,702,354","42","1,662","207199.0","242,265"
"2018-12-01","B","R179","375,520","0","96",,"83,494"
"2018-12-01","A","R188-CONVERSION","1,371,564","6","380","228594.0","200,990"
"2018-12-01","A","R188-NEW","462,276","1","126","462276.0","583,930"
"2018-12-01","B","R32","610,842","0","251",,
"2018-12-01","B","R42","73,748","0","50",,
"2018-12-01","B","R46","3,453,210","44","752","78482.0","68,673"
"2018-12-01","A","R62","1,336,590","5","315","267318.0","355,086"
"2018-12-01","A","R62A","3,698,235","32","824","115570.0","99,358"
"2018-12-01","B","R68","2,046,848","26","425","78725.0","81,675"
"2018-12-01","B","R68A","615,276","7","200","87897.0","99,258"
"2018-11-01","A","R142","4,493,575","24","1,030","187232.0","182,203"
"2018-11-01","A","R142A","1,027,260","14","220","73376.0","74,730"
"2018-11-01","B","R143","921,124","11","212","83739.0","101,079"
"2018-11-01","B","R160","8,822,074","42","1,662","210049.0","248,656"
"2018-11-01","B","R179","360,108","3","96","120036.0","66,425"
"2018-11-01","A","R188-CONVERSION","1,247,200","5","380","249440.0","185,064"
"2018-11-01","A","R188-NEW","467,216","0","126",,"588,336"
"2018-11-01","B","R32","656,159","0","251",,
"2018-11-01","B","R42","79,548","0","50",,
"2018-11-01","B","R46","3,305,563","53","752","62369.0","66,743"
"2018-11-01","A","R62","1,324,400","0","315",,"343,343"
"2018-11-01","A","R62A","3,588,628","40","824","89716.0","100,139"
"2018-11-01","B","R68","2,029,764","34","425","59699.0","80,764"
"2018-11-01","B","R68A","601,039","8","200","75130.0","103,479"
"2018-10-01","A","R142","4,836,624","22","1,030","219847.0","180,855"
"2018-10-01","A","R142A","928,905","5","220","185781.0","72,208"
"2018-10-01","B","R143","852,088","13","212","65545.0","104,536"
"2018-10-01","B","R160","9,453,402","39","1,662","242395.0","253,749"
"2018-10-01","B","R179","336,148","2","80","168074.0","57,960"
"2018-10-01","A","R188-CONVERSION","1,229,925","5","380","245985.0","177,823"
"2018-10-01","A","R188-NEW","462,464","2","126","231232.0","528,902"
"2018-10-01","B","R32","679,456","0","251",,
"2018-10-01","B","R42","82,800","0","50",,
"2018-10-01","B","R46","3,433,302","61","752","56284.0","68,102"
"2018-10-01","A","R62","1,388,429","4","315","347107.0","310,840"
"2018-10-01","A","R62A","3,882,789","35","824","110937.0","101,195"
"2018-10-01","B","R68","2,066,392","22","425","93927.0","85,875"
"2018-10-01","B","R68A","675,207","8","200","84401.0","106,855"
"2018-09-01","A","R142","4,284,797","22","1,030","194764.0","182,997"
"2018-09-01","A","R142A","1,020,192","15","220","68013.0","68,404"
"2018-09-01","B","R143","1,101,210","7","212","157316.0","108,528"
"2018-09-01","B","R160","8,592,982","33","1,662","260393.0","249,626"
"2018-09-01","B","R179","180,420","8","80","22553.0","45,005"
"2018-09-01","A","R188-CONVERSION","1,279,065","10","380","127907.0","171,072"
"2018-09-01","A","R188-NEW","433,560","0","126",,"585,857"
"2018-09-01","B","R32","608,350","0","251",,
"2018-09-01","B","R42","82,632","0","50",,
"2018-09-01","B","R46","3,147,788","47","752","66974.0","69,444"
"2018-09-01","A","R62","1,187,220","6","315","197870.0","288,774"
"2018-09-01","A","R62A","3,573,753","37","824","96588.0","102,575"
"2018-09-01","B","R68","1,847,508","21","425","87977.0","86,669"
"2018-09-01","B","R68A","552,936","2","200","276468.0","113,203"
"2018-08-01","A","R142","4,580,604","25","1,030","183224.0","182,332"
"2018-08-01","A","R142A","1,087,575","17","220","63975.0","68,299"
"2018-08-01","B","R143","1,127,462","10","212","112746.0","105,012"
"2018-08-01","B","R160","9,222,565","34","1,662","271252.0","249,073"
"2018-08-01","B","R179","178,460","5","64","35692.0","64,963"
"2018-08-01","A","R188-CONVERSION","1,375,895","5","380","275179.0","175,331"
"2018-08-01","A","R188-NEW","466,243","1","126","466243.0","585,862"
"2018-08-01","B","R32","577,330","0","251",,
"2018-08-01","B","R42","92,204","0","50",,
"2018-08-01","B","R46","3,400,808","66","752","51527.0","70,343"
"2018-08-01","A","R62","1,302,930","5","315","260586.0","271,913"
"2018-08-01","A","R62A","3,780,363","33","824","114556.0","103,154"
"2018-08-01","B","R68","2,011,607","34","425","59165.0","87,883"
"2018-08-01","B","R68A","680,183","8","200","85023.0","107,795"
"2018-07-01","A","R142","4,675,399","24","1,030","194808.0","173,740"
"2018-07-01","A","R142A","1,035,270","12","220","86273.0","64,663"
"2018-07-01","B","R143","1,091,708","14","212","77979.0","102,814"
"2018-07-01","B","R160","8,866,912","45","1,662","197042.0","244,999"
"2018-07-01","B","R179","174,828","4","48","43707.0","101,551"
"2018-07-01","A","R188-CONVERSION","1,372,994","6","380","228832.0","169,290"
"2018-07-01","A","R188-NEW","439,875","1","126","439875.0","437,412"
"2018-07-01","B","R32","567,924","0","251",,
"2018-07-01","B","R42","102,304","0","50",,
"2018-07-01","B","R46","3,347,546","51","752","65638.0","71,497"
"2018-07-01","A","R62","1,160,590","5","315","232118.0","257,188"
"2018-07-01","A","R62A","3,726,137","40","824","93153.0","103,846"
"2018-07-01","B","R68","2,076,152","27","425","76895.0","91,984"
"2018-07-01","B","R68A","600,296","5","200","120059.0","100,798"
"2018-06-01","A","R142","4,642,285","27","1,030","171936.0","164,087"
"2018-06-01","A","R142A","1,043,445","14","220","74532.0","63,684"
"2018-06-01","B","R143","1,113,964","6","212","185661.0","102,746"
"2018-06-01","B","R160","8,739,608","32","1,662","273113.0","248,776"
"2018-06-01","B","R179","124,924","0","32",,
"2018-06-01","A","R188-CONVERSION","1,336,260","4","380","334065.0","163,229"
"2018-06-01","A","R188-NEW","420,473","1","126","420473.0","404,038"
"2018-06-01","B","R32","675,283","0","251",,
"2018-06-01","B","R42","86,276","0","50",,
"2018-06-01","B","R46","3,296,318","56","752","58863.0","71,354"
"2018-06-01","A","R62","1,169,760","3","315","389920.0","222,169"
"2018-06-01","A","R62A","3,546,198","48","824","73879.0","104,990"
"2018-06-01","B","R68","2,031,494","18","425","112861.0","95,438"
"2018-06-01","B","R68A","619,580","4","200","154895.0","97,099"
"2018-05-01","A","R142","4,934,852","33","1,030","149541.0","162,459"
"2018-05-01","A","R142A","1,049,705","13","220","80747.0","62,621"
"2018-05-01","B","R143","1,206,062","10","212","120606.0","97,235"
"2018-05-01","B","R160","8,922,412","35","1,662","254926.0","246,898"
"2018-05-01","B","R179","63,932","0","24",,
"2018-05-01","A","R188-CONVERSION","1,358,829","9","380","150981.0","164,116"
"2018-05-01","A","R188-NEW","428,218","0","126",,"441,333"
"2018-05-01","B","R32","723,249","0","251",,
"2018-05-01","B","R42","137,268","0","50",,
"2018-05-01","B","R46","3,445,288","43","752","80123.0","72,710"
"2018-05-01","A","R62","1,206,505","5","315","241301.0","199,958"
"2018-05-01","A","R62A","3,561,349","36","824","98926.0","110,146"
"2018-05-01","B","R68","2,047,221","23","425","89010.0","95,532"
"2018-05-01","B","R68A","668,512","11","200","60774.0","94,983"
"2018-04-01","A","R142","4,605,415","26","1,030","177131.0","164,591"
"2018-04-01","A","R142A","999,620","6","220","166603.0","62,756"
"2018-04-01","B","R143","1,158,139","14","212","82724.0","93,418"
"2018-04-01","B","R160","8,794,103","43","1,662","204514.0","251,443"
"2018-04-01","B","R179","35,984","0","16",,
"2018-04-01","A","R188-CONVERSION","1,239,165","8","380","154896.0","172,912"
"2018-04-01","A","R188-NEW","384,596","0","126",,"443,745"
"2018-04-01","B","R32","692,168","0","251",,
"2018-04-01","B","R42","120,380","0","50",,
"2018-04-01","B","R46","3,417,887","31","752","110254.0","71,794"
"2018-04-01","A","R62","1,164,785","2","315","582393.0","201,315"
"2018-04-01","A","R62A","3,530,149","31","824","113876.0","111,294"
"2018-04-01","B","R68","2,028,636","21","425","96602.0","98,704"
"2018-04-01","B","R68A","635,516","5","200","127103.0","101,234"
"2018-03-01","A","R142","4,778,875","23","1,030","207777.0","164,618"
"2018-03-01","A","R142A","1,001,249","16","220","62578.0","59,170"
"2018-03-01","B","R143","1,227,392","17","212","72200.0","95,365"
"2018-03-01","B","R160","8,959,226","32","1,662","279976.0","252,041"
"2018-03-01","B","R179","6,536","0","16",,
"2018-03-01","A","R188-CONVERSION","1,289,420","5","380","257884.0","165,100"
"2018-03-01","A","R188-NEW","398,395","2","126","199198.0","411,663"
"2018-03-01","B","R32","759,035","0","251",,
"2018-03-01","B","R42","135,540","0","50",,
"2018-03-01","B","R46","3,506,340","40","752","87659.0","70,664"
"2018-03-01","A","R62","1,134,860","2","315","567430.0","201,380"
"2018-03-01","A","R62A","3,744,157","35","824","106976.0","103,334"
"2018-03-01","B","R68","2,069,018","17","425","121707.0","99,325"
"2018-03-01","B","R68A","658,612","3","200","219537.0","95,998"
"2018-02-01","A","R142","4,159,013","28","1,030","148536.0","164,341"
"2018-02-01","A","R142A","857,960","8","220","107245.0","58,926"
"2018-02-01","B","R143","1,105,972","7","212","157996.0","96,623"
"2018-02-01","B","R160","7,824,806","26","1,662","300954.0","247,162"
"2018-02-01","A","R188-CONVERSION","1,137,835","4","380","284459.0","158,278"
"2018-02-01","A","R188-NEW","435,319","1","126","435319.0","488,652"
"2018-02-01","B","R32","672,718","0","251",,
"2018-02-01","B","R42","128,324","0","50",,
"2018-02-01","B","R46","3,152,775","40","752","78819.0","71,534"
"2018-02-01","A","R62","1,000,308","3","315","333436.0","193,785"
"2018-02-01","A","R62A","3,219,600","33","824","97564.0","102,999"
"2018-02-01","B","R68","1,783,767","22","425","81080.0","98,682"
"2018-02-01","B","R68A","590,524","9","200","65614.0","94,049"
"2018-01-01","A","R142","4,630,189","26","1,030","178084.0","167,250"
"2018-01-01","A","R142A","936,320","24","220","39013.0","55,571"
"2018-01-01","B","R143","1,182,359","9","212","131373.0","93,179"
"2018-01-01","B","R160","8,727,002","33","1,662","264455.0","246,024"
"2018-01-01","A","R188-CONVERSION","1,238,045","10","380","123805.0","154,592"
"2018-01-01","A","R188-NEW","456,734","0","126",,"486,051"
"2018-01-01","B","R32","674,860","0","251",,
"2018-01-01","B","R42","123,594","0","50",,
"2018-01-01","B","R46","3,541,548","57","752","62132.0","71,767"
"2018-01-01","A","R62","1,182,135","1","315","1182135.0","195,438"
"2018-01-01","A","R62A","3,766,994","39","824","96590.0","101,648"
"2018-01-01","B","R68","2,055,758","30","425","68525.0","100,291"
"2018-01-01","B","R68A","645,912","6","200","107652.0","95,311"
"2017-12-01","A","R142","4,950,409","25","1,030","198016.0","163,949"
"2017-12-01","A","R142A","894,500","15","220","59633.0","55,987"
"2017-12-01","B","R143","1,153,836","13","212","88757.0","90,858"
"2017-12-01","B","R160","8,753,748","31","1,662","282379.0","240,787"
"2017-12-01","A","R188-CONVERSION","1,255,678","12","380","104640.0","165,167"
"2017-12-01","A","R188-NEW","501,932","1","126","501932.0","444,911"
"2017-12-01","B","R32","599,493","0","251",,
"2017-12-01","B","R42","117,414","0","50",,
"2017-12-01","B","R46","3,517,557","62","752","56735.0","73,362"
"2017-12-01","A","R62","1,198,489","6","315","199748.0","189,219"
"2017-12-01","A","R62A","3,640,477","28","824","130017.0","101,238"
"2017-12-01","B","R68","2,020,430","29","425","69670.0","106,133"
"2017-12-01","B","R68A","625,664","4","200","156416.0","96,588"
"2017-11-01","A","R142","4,624,869","27","1,030","171291.0","162,398"
"2017-11-01","A","R142A","842,975","17","220","49587.0","53,605"
"2017-11-01","B","R143","1,060,376","8","212","132547.0","89,418"
"2017-11-01","B","R160","8,956,599","34","1,662","263429.0","233,082"
"2017-11-01","A","R188-CONVERSION","1,179,690","8","380","147461.0","175,306"
"2017-11-01","A","R188-NEW","461,211","1","126","461211.0","445,557"
"2017-11-01","B","R32","579,376","0","251",,
"2017-11-01","B","R42","150,996","0","50",,
"2017-11-01","B","R46","3,381,796","42","752","80519.0","74,303"
"2017-11-01","A","R62","1,202,625","4","315","300656.0","201,496"
"2017-11-01","B","R62A","0","0","824",,"99,451"
"2017-11-01","B","R68","2,007,106","16","425","125444.0","111,082"
"2017-11-01","B","R68A","633,760","6","200","105627.0","91,232"
"2017-10-01","A","R142","4,764,397","18","1,030","264689.0","155,220"
"2017-10-01","A","R142A","928,275","14","220","66305.0","53,862"
"2017-10-01","B","R143","1,146,000","11","212","104182.0","80,015"
"2017-10-01","B","R160","9,231,658","45","1,662","205148.0","231,516"
"2017-10-01","A","R188-CONVERSION","1,333,575","9","380","148175.0","182,531"
"2017-10-01","A","R188-NEW","446,158","1","126","446158.0","443,589"
"2017-10-01","B","R32","663,355","0","251",,
"2017-10-01","B","R42","130,614","0","50",,
"2017-10-01","B","R46","3,469,312","50","752","69386.0","73,706"
"2017-10-01","A","R62","1,239,739","7","315","177106.0","203,473"
"2017-10-01","B","R62A","0","0","824",,"96,397"
"2017-10-01","B","R68","2,115,252","20","425","105763.0","114,514"
"2017-10-01","B","R68A","673,128","4","200","168282.0","97,131"
"2017-09-01","A","R142","4,629,735","25","1,030","185189.0","151,852"
"2017-09-01","A","R142A","865,638","13","220","66588.0","52,335"
"2017-09-01","B","R143","1,078,328","11","212","98030.0","77,921"
"2017-09-01","B","R160","8,608,472","34","1,662","253190.0","232,795"
"2017-09-01","A","R188-CONVERSION","1,311,741","8","380","163968.0","184,097"
"2017-09-01","A","R188-NEW","433,600","0","126",,"443,701"
"2017-09-01","B","R32","694,525","0","251",,
"2017-09-01","B","R42","126,384","0","50",,
"2017-09-01","B","R46","3,392,228","43","752","78889.0","75,809"
"2017-09-01","A","R62","1,176,775","9","315","130753.0","207,806"
"2017-09-01","B","R62A","0","0","824",,"95,195"
"2017-09-01","B","R68","2,009,318","19","425","105754.0","115,520"
"2017-09-01","B","R68A","621,788","6","200","103631.0","94,300"
"2017-08-01","A","R142","5,069,934","43","1,030","117905.0","148,857"
"2017-08-01","A","R142A","990,358","25","220","39614.0","50,953"
"2017-08-01","B","R143","1,150,068","13","212","88467.0","68,193"
"2017-08-01","B","R160","9,455,135","42","1,662","225122.0","236,536"
"2017-08-01","A","R188-CONVERSION","1,352,195","8","380","169024.0","184,197"
"2017-08-01","A","R188-NEW","442,437","4","126","110609.0","445,784"
"2017-08-01","B","R32","675,947","0","251",,
"2017-08-01","B","R42","70,578","0","50",,
"2017-08-01","B","R46","3,570,778","59","752","60522.0","75,779"
"2017-08-01","A","R62","1,308,775","8","315","163597.0","219,311"
"2017-08-01","B","R62A","0","0","824",,"92,217"
"2017-08-01","B","R68","2,131,564","23","425","92677.0","116,594"
"2017-08-01","B","R68A","687,360","13","200","52874.0","86,770"
"2017-07-01","A","R142","4,819,945","44","1,030","109544.0","145,070"
"2017-07-01","A","R142A","925,720","13","220","71209.0","51,002"
"2017-07-01","B","R143","1,082,772","14","212","77341.0","62,493"
"2017-07-01","B","R160","9,005,918","39","1,662","230921.0","231,104"
"2017-07-01","A","R188-CONVERSION","1,311,134","9","380","145682.0","177,785"
"2017-07-01","A","R188-NEW","443,415","2","126","221708.0","597,588"
"2017-07-01","B","R32","734,374","0","251",,
"2017-07-01","B","R42","75,544","0","50",,
"2017-07-01","B","R46","3,408,105","53","752","64304.0","76,864"
"2017-07-01","A","R62","1,234,030","14","315","88145.0","211,521"
"2017-07-01","B","R62A","0","0","824",,"91,184"
"2017-07-01","B","R68","2,037,094","17","425","119829.0","121,175"
"2017-07-01","B","R68A","610,495","8","200","76312.0","93,084"
"2017-06-01","A","R142","4,730,391","31","1,030","152593.0","147,553"
"2017-06-01","A","R142A","916,919","15","220","61128.0","50,797"
"2017-06-01","B","R143","964,348","12","212","80362.0","61,607"
"2017-06-01","B","R160","8,926,970","36","1,662","247971.0","231,728"
"2017-06-01","A","R188-CONVERSION","1,255,520","3","380","418507.0","183,808"
"2017-06-01","A","R188-NEW","463,984","0","126",,"771,150"
"2017-06-01","B","R32","740,342","0","251",,
"2017-06-01","B","R42","162,440","0","50",,
"2017-06-01","B","R46","3,350,107","46","752","72828.0","77,123"
"2017-06-01","A","R62","1,347,925","11","315","122539.0","235,190"
"2017-06-01","A","R62A","3,391,978","37","824","91675.0","84,529"
"2017-06-01","B","R68","2,055,386","18","425","114188.0","119,934"
"2017-06-01","B","R68A","642,347","6","200","107058.0","96,033"
"2017-05-01","A","R142","4,526,788","26","1,030","174107.0","147,453"
"2017-05-01","A","R142A","885,510","10","220","88551.0","49,891"
"2017-05-01","B","R143","955,732","13","212","73518.0","60,234"
"2017-05-01","B","R160","9,116,780","28","1,662","325599.0","236,536"
"2017-05-01","A","R188-CONVERSION","1,312,300","4","380","328075.0","171,432"
"2017-05-01","A","R188-NEW","457,155","0","126",,"770,458"
"2017-05-01","B","R32","780,737","0","251",,
"2017-05-01","B","R42","163,996","0","50",,
"2017-05-01","B","R46","3,501,192","51","752","68651.0","76,262"
"2017-05-01","A","R62","1,505,530","6","315","250922.0","250,632"
"2017-05-01","A","R62A","3,587,820","35","824","102509.0","84,208"
"2017-05-01","B","R68","2,066,573","15","425","137772.0","120,851"
"2017-05-01","B","R68A","668,708","6","200","111451.0","97,090"
"2017-04-01","A","R142","4,614,838","26","1,030","177494.0","146,943"
"2017-04-01","A","R142A","841,835","14","220","60131.0","50,087"
"2017-04-01","B","R143","957,846","9","212","106427.0","58,761"
"2017-04-01","B","R160","8,795,051","42","1,662","209406.0","234,651"
"2017-04-01","A","R188-CONVERSION","1,212,075","12","380","101006.0","173,252"
"2017-04-01","A","R188-NEW","411,275","1","126","411275.0","669,477"
"2017-04-01","B","R32","759,881","0","251",,
"2017-04-01","B","R42","137,148","0","50",,
"2017-04-01","B","R46","3,334,886","39","752","85510.0","78,913"
"2017-04-01","A","R62","1,370,945","3","315","456982.0","258,253"
"2017-04-01","A","R62A","3,433,788","27","824","127177.0","85,379"
"2017-04-01","B","R68","1,983,358","19","425","104387.0","119,324"
"2017-04-01","B","R68A","621,536","9","200","69060.0","96,467"
"2017-03-01","A","R142","4,848,350","24","1,030","202015.0","150,063"
"2017-03-01","A","R142A","897,515","15","220","59834.0","47,908"
"2017-03-01","B","R143","1,013,244","13","212","77942.0","58,348"
"2017-03-01","B","R160","9,371,720","42","1,662","223136.0","235,766"
"2017-03-01","A","R188-CONVERSION","1,136,588","8","380","142074.0","192,171"
"2017-03-01","A","R188-NEW","421,956","0","126",,"760,983"
"2017-03-01","B","R32","751,778","0","251",,
"2017-03-01","B","R42","138,020","0","50",,
"2017-03-01","B","R46","3,511,544","33","752","106410.0","77,150"
"2017-03-01","A","R62","1,347,954","6","315","224659.0","239,387"
"2017-03-01","A","R62A","3,607,407","47","824","76753.0","84,276"
"2017-03-01","B","R68","2,108,876","19","425","110993.0","121,475"
"2017-03-01","B","R68A","690,820","5","200","138164.0","102,833"
"2017-02-01","A","R142","4,487,919","24","1,030","186997.0","149,526"
"2017-02-01","A","R142A","744,030","17","220","43766.0","48,259"
"2017-02-01","B","R143","927,482","10","212","92748.0","56,254"
"2017-02-01","B","R160","8,317,296","30","1,662","277243.0","245,721"
"2017-02-01","A","R188-CONVERSION","1,096,855","6","380","182809.0","197,985"
"2017-02-01","A","R188-NEW","406,703","1","126","406703.0","591,115"
"2017-02-01","B","R32","689,902","0","251",,
"2017-02-01","B","R42","105,304","0","50",,
"2017-02-01","B","R46","3,143,486","38","752","82723.0","73,766"
"2017-02-01","A","R62","1,324,655","4","315","331164.0","216,307"
"2017-02-01","A","R62A","2,965,620","38","824","78043.0","84,988"
"2017-02-01","B","R68","1,880,347","19","425","98966.0","120,840"
"2017-02-01","B","R68A","598,680","8","200","74835.0","99,389"
"2017-01-01","A","R142","4,986,632","35","1,030","142475.0","146,088"
"2017-01-01","A","R142A","848,324","21","220","40396.0","48,988"
"2017-01-01","B","R143","957,572","10","212","95757.0","54,814"
"2017-01-01","B","R160","9,333,007","45","1,662","207400.0","242,160"
"2017-01-01","A","R188-CONVERSION","1,272,830","4","380","318208.0","190,481"
"2017-01-01","A","R188-NEW","449,110","1","126","449110.0","478,906"
"2017-01-01","B","R32","797,387","0","251",,
"2017-01-01","B","R42","145,670","0","50",,
"2017-01-01","B","R46","3,428,162","43","752","79725.0","73,634"
"2017-01-01","A","R62","1,447,745","5","315","289549.0","205,635"
"2017-01-01","A","R62A","3,484,638","23","824","151506.0","85,925"
"2017-01-01","B","R68","2,101,489","17","425","123617.0","114,086"
"2017-01-01","B","R68A","652,720","5","200","130544.0","102,134"
"2016-12-01","A","R142","5,060,347","29","1,030","174495.0","144,983"
"2016-12-01","A","R142A","980,389","25","220","39216.0","49,448"
"2016-12-01","B","R143","1,045,944","14","212","74710.0","53,805"
"2016-12-01","B","R160","9,031,501","47","1,662","192160.0","253,301"
"2016-12-01","A","R188-CONVERSION","1,301,795","7","380","185971.0","176,428"
"2016-12-01","A","R188-NEW","509,680","1","126","509680.0","476,618"
"2016-12-01","B","R32","846,170","0","251",,
"2016-12-01","B","R42","131,012","0","50",,
"2016-12-01","B","R46","3,449,574","54","752","63881.0","73,813"
"2016-12-01","A","R62","1,411,500","2","315","705750.0","198,042"
"2016-12-01","A","R62A","3,516,320","40","824","87908.0","82,447"
"2016-12-01","B","R68","2,163,913","20","425","108196.0","117,532"
"2016-12-01","B","R68A","653,404","9","200","72600.0","99,001"
"2016-11-01","A","R142","4,737,077","44","1,030","107661.0","143,586"
"2016-11-01","A","R142A","947,905","18","220","52661.0","49,146"
"2016-11-01","B","R143","963,032","23","212","41871.0","53,651"
"2016-11-01","B","R160","8,693,012","36","1,662","241473.0","268,080"
"2016-11-01","A","R188-CONVERSION","1,253,500","5","380","250700.0","180,571"
"2016-11-01","A","R188-NEW","437,595","1","126","437595.0","521,106"
"2016-11-01","B","R32","803,268","0","251",,
"2016-11-01","B","R42","138,204","0","50",,
"2016-11-01","B","R46","3,347,585","46","752","72774.0","75,772"
"2016-11-01","A","R62","1,358,824","4","315","339706.0","189,437"
"2016-11-01","A","R62A","3,397,792","35","824","97080.0","82,530"
"2016-11-01","B","R68","2,081,879","10","425","208188.0","117,674"
"2016-11-01","B","R68A","649,500","1","200","649500.0","101,341"
"2016-10-01","A","R142","4,888,005","27","1,030","181037.0","142,563"
"2016-10-01","A","R142A","936,900","20","220","46845.0","47,613"
"2016-10-01","B","R143","1,059,280","14","212","75663.0","57,902"
"2016-10-01","B","R160","8,896,523","41","1,662","216988.0","277,667"
"2016-10-01","A","R188-CONVERSION","1,279,395","8","380","159924.0","167,570"
"2016-10-01","A","R188-NEW","447,500","1","126","447500.0","520,720"
"2016-10-01","B","R32","703,449","0","251",,
"2016-10-01","B","R42","143,949","0","50",,
"2016-10-01","B","R46","3,271,875","32","752","102246.0","77,116"
"2016-10-01","A","R62","1,166,385","5","315","233277.0","181,061"
"2016-10-01","A","R62A","3,442,522","47","824","73245.0","82,900"
"2016-10-01","B","R68","1,985,976","17","425","116822.0","116,334"
"2016-10-01","B","R68A","635,244","6","200","105874.0","95,096"
"2016-09-01","A","R142","4,837,404","34","1,030","142277.0","140,587"
"2016-09-01","A","R142A","937,620","20","220","46881.0","48,078"
"2016-09-01","B","R143","992,772","32","212","31024.0","56,423"
"2016-09-01","B","R160","8,680,761","27","1,662","321510.0","286,655"
"2016-09-01","A","R188-CONVERSION","1,320,007","8","380","165001.0","160,058"
"2016-09-01","A","R188-NEW","458,594","0","126",,"581,362"
"2016-09-01","B","R32","717,644","0","251",,
"2016-09-01","B","R42","127,262","0","50",,
"2016-09-01","B","R46","3,224,222","41","752","78640.0","78,347"
"2016-09-01","A","R62","1,185,445","5","315","237089.0","176,174"
"2016-09-01","A","R62A","3,331,221","47","824","70877.0","83,438"
"2016-09-01","B","R68","2,004,932","17","425","117937.0","114,670"
"2016-09-01","B","R68A","611,732","13","200","47056.0","101,599"
"2016-08-01","A","R142","5,200,102","54","1,030","96298.0","141,125"
"2016-08-01","A","R142A","1,102,713","27","220","40841.0","48,435"
"2016-08-01","B","R143","1,016,100","27","212","37633.0","60,738"
"2016-08-01","B","R160","9,295,040","52","1,662","178751.0","281,764"
"2016-08-01","A","R188-CONVERSION","1,359,758","11","378","123614.0","158,035"
"2016-08-01","A","R188-NEW","471,323","1","126","471323.0","576,991"
"2016-08-01","B","R32","692,194","0","251",,
"2016-08-01","B","R42","126,458","0","50",,
"2016-08-01","B","R46","3,382,920","49","752","69039.0","79,001"
"2016-08-01","A","R62","1,374,640","11","315","124967.0","174,724"
"2016-08-01","A","R62A","3,493,518","68","824","51375.0","84,451"
"2016-08-01","B","R68","2,128,663","15","425","141911.0","116,367"
"2016-08-01","B","R68A","597,668","6","200","99611.0","114,040"
"2016-07-01","A","R142","4,775,337","37","1,030","129063.0","151,128"
"2016-07-01","A","R142A","1,034,125","16","220","64633.0","48,322"
"2016-07-01","B","R143","1,036,892","16","212","64806.0","64,107"
"2016-07-01","B","R160","8,832,560","37","1,662","238718.0","306,076"
"2016-07-01","A","R188-CONVERSION","1,271,648","6","377","211941.0","166,866"
"2016-07-01","A","R188-NEW","463,173","0","126",,"573,728"
"2016-07-01","B","R32","649,862","0","251",,
"2016-07-01","B","R42","138,412","0","50",,
"2016-07-01","B","R46","3,312,617","50","752","66252.0","80,937"
"2016-07-01","A","R62","1,386,540","7","315","198077.0","181,358"
"2016-07-01","A","R62A","3,259,187","40","824","81480.0","89,411"
"2016-07-01","B","R68","2,025,083","19","425","106583.0","115,976"
"2016-07-01","B","R68A","564,252","5","200","112850.0","121,845"
"2016-06-01","A","R142","4,838,609","32","1,030","151207.0","154,534"
"2016-06-01","A","R142A","1,018,630","21","220","48506.0","45,241"
"2016-06-01","B","R143","940,252","16","212","58766.0","61,702"
"2016-06-01","B","R160","8,787,572","26","1,662","337984.0","317,875"
"2016-06-01","A","R188-CONVERSION","1,269,261","9","358","141029.0","151,997"
"2016-06-01","A","R188-NEW","459,143","0","124",,"471,946"
"2016-06-01","B","R32","756,908","0","251",,
"2016-06-01","B","R42","132,482","0","50",,
"2016-06-01","B","R46","3,282,149","51","752","64356.0","83,021"
"2016-06-01","A","R62","1,410,925","7","315","201561.0","187,662"
"2016-06-01","A","R62A","3,320,882","38","824","87392.0","88,834"
"2016-06-01","B","R68","2,001,728","16","425","125108.0","118,038"
"2016-06-01","B","R68A","628,728","5","200","125746.0","119,049"
"2016-05-01","A","R142","4,767,860","29","1,030","164409.0","155,047"
"2016-05-01","A","R142A","1,029,595","12","220","85800.0","45,581"
"2016-05-01","B","R143","959,300","18","212","53294.0","61,346"
"2016-05-01","B","R160","8,732,369","30","1,662","291079.0","315,794"
"2016-05-01","A","R188-CONVERSION","1,299,245","3","348","433082.0","138,950"
"2016-05-01","A","R188-NEW","419,767","1","123","419767.0","435,944"
"2016-05-01","B","R32","762,691","0","251",,
"2016-05-01","B","R42","147,674","0","50",,
"2016-05-01","B","R46","3,319,684","31","752","107087.0","86,452"
"2016-05-01","A","R62","1,484,390","4","315","371098.0","195,746"
"2016-05-01","A","R62A","3,301,961","25","824","132078.0","92,333"
"2016-05-01","B","R68","1,995,196","17","425","117364.0","118,583"
"2016-05-01","B","R68A","620,169","6","200","103362.0","123,232"
"2016-04-01","A","R142","4,496,515","17","1,030","264501.0","154,027"
"2016-04-01","A","R142A","972,235","27","220","36009.0","44,183"
"2016-04-01","B","R143","874,340","9","212","97149.0","63,288"
"2016-04-01","B","R160","8,830,594","40","1,662","220765.0","327,424"
"2016-04-01","A","R188-CONVERSION","1,128,486","3","336","376162.0","123,749"
"2016-04-01","A","R188-NEW","382,339","0","122",,"352,508"
"2016-04-01","B","R32","740,447","0","251",,
"2016-04-01","B","R42","151,194","0","50",,
"2016-04-01","B","R46","3,212,583","49","752","65563.0","89,737"
"2016-04-01","A","R62","1,379,315","8","315","172414.0","190,676"
"2016-04-01","A","R62A","3,331,530","32","824","104110.0","91,604"
"2016-04-01","B","R68","1,938,358","15","425","129224.0","119,903"
"2016-04-01","B","R68A","603,908","4","200","150977.0","128,833"
"2016-03-01","A","R142","5,089,695","27","1,030","188507.0","148,800"
"2016-03-01","A","R142A","1,029,675","16","250","64355.0","45,712"
"2016-03-01","B","R143","984,200","20","212","49210.0","62,398"
"2016-03-01","B","R160","9,212,624","23","1,662","400549.0","342,377"
"2016-03-01","A","R188-CONVERSION","1,194,073","6","318","199012.0","117,481"
"2016-03-01","A","R188-NEW","415,109","2","120","207555.0","314,960"
"2016-03-01","B","R32","833,845","0","251",,
"2016-03-01","B","R42","154,036","0","50",,
"2016-03-01","B","R46","3,385,094","55","752","61547.0","95,373"
"2016-03-01","A","R62","1,508,950","14","315","107782.0","182,866"
"2016-03-01","A","R62A","3,524,233","42","824","83910.0","93,882"
"2016-03-01","B","R68","2,102,046","20","425","105102.0","119,262"
"2016-03-01","B","R68A","638,164","7","200","91166.0","126,556"
"2016-02-01","A","R142","4,757,754","35","1,030","135936.0","149,486"
"2016-02-01","A","R142A","919,037","17","265","54061.0","45,570"
"2016-02-01","B","R143","900,498","15","212","60033.0","65,164"
"2016-02-01","B","R160","8,224,846","36","1,662","228468.0","345,587"
"2016-02-01","A","R188-CONVERSION","1,097,978","9","298","121998.0","109,341"
"2016-02-01","A","R188-NEW","354,632","3","118","118211.0","335,134"
"2016-02-01","B","R32","732,018","0","251",,
"2016-02-01","B","R42","114,532","0","50",,
"2016-02-01","B","R46","3,146,142","39","752","80670.0","102,189"
"2016-02-01","A","R62","1,336,170","8","315","167021.0","190,051"
"2016-02-01","A","R62A","3,152,899","35","824","90083.0","94,755"
"2016-02-01","B","R68","1,885,190","31","425","60813.0","122,175"
"2016-02-01","B","R68A","600,280","6","200","100047.0","123,454"
"2016-01-01","A","R142","4,834,490","37","1,030","130662.0","151,813"
"2016-01-01","A","R142A","958,708","21","275","45653.0","45,396"
"2016-01-01","B","R143","1,010,780","15","212","67385.0","67,420"
"2016-01-01","B","R160","8,408,991","22","1,662","382227.0","360,119"
"2016-01-01","A","R188-CONVERSION","1,044,815","9","297","116091.0","102,096"
"2016-01-01","A","R188-NEW","423,945","1","118","423945.0","316,681"
"2016-01-01","B","R32","708,300","0","251",,
"2016-01-01","B","R42","116,764","0","50",,
"2016-01-01","B","R46","3,303,352","40","752","82584.0","101,066"
"2016-01-01","A","R62","1,434,405","8","315","179301.0","184,642"
"2016-01-01","A","R62A","3,327,146","41","824","81150.0","94,337"
"2016-01-01","B","R68","2,016,176","10","425","201618.0","133,169"
"2016-01-01","B","R68A","522,997","6","200","87166.0","121,813"
"2015-12-01","A","R142","5,216,675","34","1,030","153432.0","156,831"
"2015-12-01","A","R142A","1,104,587","29","275","38089.0","45,318"
"2015-12-01","B","R143","958,476","13","212","73729.0","66,835"
"2015-12-01","B","R160","9,028,598","24","1,662","376192.0","365,268"
"2015-12-01","A","R188-CONVERSION","1,108,091","4","278","277023.0","101,271"
"2015-12-01","A","R188-NEW","477,937","0","116",,"316,390"
"2015-12-01","B","R32","778,742","0","251",,
"2015-12-01","B","R42","142,274","0","50",,
"2015-12-01","B","R46","3,516,256","41","752","85762.0","102,470"
"2015-12-01","A","R62","1,455,015","6","315","242503.0","189,962"
"2015-12-01","A","R62A","3,474,498","39","824","89090.0","97,719"
"2015-12-01","B","R68","2,075,622","19","425","109243.0","128,820"
"2015-12-01","B","R68A","623,904","7","200","89129.0","124,363"
"2015-11-01","A","R142","4,748,563","47","1,030","101033.0","155,927"
"2015-11-01","A","R142A","1,097,536","29","285","37846.0","47,715"
"2015-11-01","B","R143","847,592","5","212","169518.0","67,467"
"2015-11-01","B","R160","8,583,124","22","1,662","390142.0","373,653"
"2015-11-01","A","R188-CONVERSION","870,705","9","266","96745.0","90,645"
"2015-11-01","A","R188-NEW","433,741","1","115","433741.0","296,908"
"2015-11-01","B","R32","787,213","0","251",,
"2015-11-01","B","R42","149,514","0","50",,
"2015-11-01","B","R46","3,203,596","35","752","91531.0","106,219"
"2015-11-01","A","R62","1,354,410","8","315","169301.0","199,257"
"2015-11-01","A","R62A","3,246,884","31","824","104738.0","97,622"
"2015-11-01","B","R68","2,038,571","12","425","169881.0","129,256"
"2015-11-01","B","R68A","580,284","5","200","116057.0","131,387"
"2015-10-01","A","R142","5,061,863","34","1,030","148878.0","160,991"
"2015-10-01","A","R142A","1,247,866","24","305","51994.0","48,732"
"2015-10-01","B","R143","876,252","16","212","54766.0","66,012"
"2015-10-01","B","R160","9,158,453","30","1,662","305282.0","370,544"
"2015-10-01","A","R188-CONVERSION","960,989","10","256","96099.0","88,277"
"2015-10-01","A","R188-NEW","472,554","0","114",,"291,642"
"2015-10-01","B","R32","767,070","0","251",,
"2015-10-01","B","R42","171,590","0","50",,
"2015-10-01","B","R46","3,276,636","24","752","136527.0","108,640"
"2015-10-01","A","R62","1,426,359","9","315","158484.0","196,022"
"2015-10-01","A","R62A","3,286,402","42","824","78248.0","97,423"
"2015-10-01","B","R68","2,098,575","21","425","99932.0","129,961"
"2015-10-01","B","R68A","621,468","1","200","621468.0","118,132"
"2015-09-01","A","R142","4,779,275","32","1,030","149352.0","162,277"
"2015-09-01","A","R142A","1,175,340","23","335","51102.0","50,068"
"2015-09-01","B","R143","953,300","17","212","56076.0","69,332"
"2015-09-01","B","R160","8,848,391","34","1,662","260247.0","378,664"
"2015-09-01","A","R188-CONVERSION","827,885","6","228","137981.0","87,962"
"2015-09-01","A","R188-NEW","419,254","0","111",,"287,303"
"2015-09-01","B","R32","713,859","0","251",,
"2015-09-01","B","R42","108,240","0","50",,
"2015-09-01","B","R46","3,159,576","36","752","87766.0","105,692"
"2015-09-01","A","R62","1,397,105","7","315","199586.0","191,903"
"2015-09-01","A","R62A","3,226,199","40","824","80655.0","102,412"
"2015-09-01","B","R68","2,015,504","14","425","143965.0","134,565"
"2015-09-01","B","R68A","582,679","5","200","116536.0","101,108"
"2015-08-01","A","R142","4,968,785","25","1,030","198751.0","160,235"
"2015-08-01","A","R142A","1,121,226","28","350","40044.0","51,744"
"2015-08-01","B","R143","940,992","16","212","58812.0","72,972"
"2015-08-01","B","R160","8,948,024","21","1,662","426096.0","386,680"
"2015-08-01","A","R188-CONVERSION","775,526","3","218","258509.0","84,451"
"2015-08-01","A","R188-NEW","441,961","1","110","441961.0","271,511"
"2015-08-01","B","R32","712,989","0","251",,
"2015-08-01","B","R42","137,654","0","50",,
"2015-08-01","B","R46","3,298,696","36","752","91630.0","106,198"
"2015-08-01","A","R62","1,292,665","7","315","184666.0","196,481"
"2015-08-01","A","R62A","3,246,562","39","824","83245.0","108,329"
"2015-08-01","B","R68","2,047,035","15","425","136469.0","136,044"
"2015-08-01","B","R68A","602,020","2","200","301010.0","101,104"
"2015-07-01","A","R142","4,853,884","29","1,030","167375.0","158,545"
"2015-07-01","A","R142A","1,173,979","37","350","31729.0","55,172"
"2015-07-01","B","R143","983,836","22","212","44720.0","76,204"
"2015-07-01","B","R160","9,088,630","25","1,662","363545.0","381,840"
"2015-07-01","A","R188-CONVERSION","734,743","10","197","73474.0","76,728"
"2015-07-01","A","R188-NEW","491,027","2","108","245514.0","264,774"
"2015-07-01","B","R32","678,156","0","251",,
"2015-07-01","B","R42","125,216","0","50",,
"2015-07-01","B","R46","3,331,060","38","752","87659.0","101,557"
"2015-07-01","A","R62","1,409,870","4","315","352468.0","202,707"
"2015-07-01","A","R62A","3,358,287","44","824","76325.0","112,581"
"2015-07-01","B","R68","2,101,911","16","425","131369.0","142,420"
"2015-07-01","B","R68A","637,410","7","200","91059.0","87,262"
"2015-06-01","A","R142","4,877,288","31","1,030","157332.0","153,037"
"2015-06-01","A","R142A","1,160,725","22","375","52760.0","58,303"
"2015-06-01","B","R143","875,446","16","212","54715.0","83,243"
"2015-06-01","B","R160","8,726,314","28","1,662","311654.0","389,133"
"2015-06-01","A","R188-CONVERSION","629,285","12","187","52440.0","78,974"
"2015-06-01","A","R188-NEW","499,059","1","107","499059.0","270,902"
"2015-06-01","B","R32","768,012","0","251",,
"2015-06-01","B","R42","173,442","0","50",,
"2015-06-01","B","R46","3,356,028","33","752","101698.0","101,013"
"2015-06-01","A","R62","1,355,470","3","315","451823.0","200,701"
"2015-06-01","A","R62A","3,226,641","20","824","161332.0","118,541"
"2015-06-01","B","R68","1,995,307","15","425","133020.0","145,127"
"2015-06-01","B","R68A","637,416","3","200","212472.0","85,472"
"2015-05-01","A","R142","4,845,394","32","1,030","151419.0","155,307"
"2015-05-01","A","R142A","1,249,781","26","390","48069.0","58,963"
"2015-05-01","B","R143","806,392","10","212","80639.0","89,141"
"2015-05-01","B","R160","8,699,523","18","1,662","483307.0","397,363"
"2015-05-01","A","R188-CONVERSION","641,106","8","169","80138.0","87,882"
"2015-05-01","A","R188-NEW","476,065","4","105","119016.0","275,516"
"2015-05-01","B","R32","815,183","0","251",,
"2015-05-01","B","R42","101,298","0","50",,
"2015-05-01","B","R46","3,295,426","14","752","235388.0","96,694"
"2015-05-01","A","R62","1,429,779","6","315","238297.0","184,716"
"2015-05-01","A","R62A","3,080,235","26","824","118471.0","115,029"
"2015-05-01","B","R68","2,025,934","15","425","135062.0","149,886"
"2015-05-01","B","R68A","564,144","3","200","188048.0","80,592"
"2015-04-01","A","R142","4,891,248","33","1,030","148220.0","155,331"
"2015-04-01","A","R142A","1,292,274","24","390","53845.0","58,970"
"2015-04-01","B","R143","781,936","10","212","78194.0","91,540"
"2015-04-01","B","R160","8,866,847","26","1,662","341033.0","377,859"
"2015-04-01","A","R188-CONVERSION","570,640","3","160","190213.0","89,890"
"2015-04-01","A","R188-NEW","449,038","2","104","224519.0","333,707"
"2015-04-01","B","R32","816,473","0","251",,
"2015-04-01","B","R42","77,796","0","50",,
"2015-04-01","B","R46","3,308,108","24","752","137838.0","91,336"
"2015-04-01","A","R62","1,423,470","12","315","118623.0","180,525"
"2015-04-01","A","R62A","3,280,564","21","824","156217.0","115,613"
"2015-04-01","B","R68","2,046,799","17","425","120400.0","150,201"
"2015-04-01","B","R68A","602,924","5","200","120585.0","78,650"
"2015-03-01","A","R142","4,912,668","24","1,030","204695.0","159,513"
"2015-03-01","A","R142A","1,352,238","24","404","56343.0","56,439"
"2015-03-01","B","R143","881,775","11","212","80161.0","91,156"
"2015-03-01","B","R160","9,167,874","20","1,662","458394.0","373,403"
"2015-03-01","A","R188-CONVERSION","469,580","6","150","78263.0","79,858"
"2015-03-01","A","R188-NEW","422,938","1","103","422938.0","364,129"
"2015-03-01","B","R32","821,406","0","251",,
"2015-03-01","B","R42","99,692","0","50",,
"2015-03-01","B","R46","3,352,184","27","752","124155.0","88,545"
"2015-03-01","A","R62","1,409,790","10","315","140979.0","201,852"
"2015-03-01","A","R62A","3,132,858","34","824","92143.0","115,312"
"2015-03-01","B","R68","2,088,294","15","425","139220.0","152,140"
"2015-03-01","B","R68A","584,792","8","200","73099.0","81,172"
"2015-02-01","A","R142","4,306,229","26","1,030","165624.0","151,905"
"2015-02-01","A","R142A","1,274,681","26","419","49026.0","54,197"
"2015-02-01","B","R143","735,656","7","212","105094.0","93,211"
"2015-02-01","B","R160","7,990,169","23","1,662","347399.0","375,315"
"2015-02-01","A","R188-CONVERSION","351,070","8","130","43884.0","80,256"
"2015-02-01","A","R188-NEW","376,052","4","101","94013.0","366,295"
"2015-02-01","B","R32","758,072","0","251",,
"2015-02-01","B","R42","96,348","0","50",,
"2015-02-01","B","R46","3,014,775","42","752","71780.0","89,093"
"2015-02-01","A","R62","1,229,475","10","315","122948.0","207,456"
"2015-02-01","A","R62A","2,980,597","35","824","85160.0","117,791"
"2015-02-01","B","R68","1,953,396","15","425","130226.0","155,772"
"2015-02-01","B","R68A","505,127","6","200","84188.0","85,176"
"2015-01-01","A","R142","4,879,280","25","1,030","195171.0","146,801"
"2015-01-01","A","R142A","1,387,384","31","434","44754.0","54,951"
"2015-01-01","B","R143","918,319","15","212","61221.0","87,881"
"2015-01-01","B","R160","8,821,723","19","1,662","464301.0","375,349"
"2015-01-01","A","R188-CONVERSION","364,600","3","120","121533.0","98,442"
"2015-01-01","A","R188-NEW","419,007","1","100","419007.0","549,961"
"2015-01-01","B","R32","793,435","0","251",,
"2015-01-01","B","R42","94,510","0","50",,
"2015-01-01","B","R46","3,235,949","34","752","95175.0","91,397"
"2015-01-01","A","R62","1,343,249","5","315","268650.0","215,549"
"2015-01-01","A","R62A","3,157,060","25","824","126282.0","121,234"
"2015-01-01","B","R68","2,117,691","17","425","124570.0","156,180"
"2015-01-01","B","R68A","546,500","5","200","109300.0","86,098"
